id,title,original_language,avg_vote,vote_count,popularity,genres,release_date
19404,Dilwale Dulhania Le Jayenge,hi,8.8,2238,29.678,"[35, 18, 10749]",1995-10-20
42269,We All Loved Each Other So Much,it,8.6,213,7.769,"[35, 18]",1974-12-21
372058,Your Name.,ja,8.5,5271,41.449,"[16, 18, 10749]",2016-08-26
496243,Parasite,ko,8.5,6270,124.67200000000001,"[35, 18, 53]",2019-05-30
129,Spirited Away,ja,8.5,9075,56.611999999999995,"[16, 14, 10751]",2001-07-20
637,Life Is Beautiful,it,8.5,8543,33.158,"[35, 18]",1997-12-20
620683,My Mom is a Character 3,pt,8.5,227,13.628,[35],2019-12-26
346,Seven Samurai,ja,8.4,1806,28.158,"[28, 18]",1954-04-26
429,"The Good, the Bad and the Ugly",it,8.4,4844,35.398,[37],1966-12-23
11216,Cinema Paradiso,it,8.4,2173,24.39,"[18, 10749]",1988-11-17
40096,A Dog's Will,pt,8.4,584,11.522,"[12, 35]",2000-09-15
598,City of God,pt,8.4,4037,25.337,"[80, 18]",2002-02-05
901,City Lights,xx,8.4,1093,14.639000000000001,"[35, 18, 10749]",1931-02-01
637920,Miracle in Cell No. 7,tr,8.4,1927,78.94,"[35, 18, 10751]",2019-10-10
12477,Grave of the Fireflies,ja,8.4,2562,0.6,"[16, 18, 10752]",1988-04-16
18491,Neon Genesis Evangelion: The End of Evangelion,ja,8.4,505,13.609000000000002,"[18, 878, 16]",1997-07-19
18148,Tokyo Story,ja,8.4,453,13.675,[18],1953-11-03
4935,Howl's Moving Castle,ja,8.4,4814,41.611999999999995,"[12, 16, 14]",2004-11-19
26451,Investigation of a Citizen Above Suspicion,it,8.4,323,8.611,"[80, 18]",1970-11-13
3782,Ikiru,ja,8.4,478,16.964000000000002,[18],1952-10-09
128,Princess Mononoke,ja,8.4,4532,38.283,"[12, 14, 16]",1997-07-12
14537,Harakiri,ja,8.3,326,13.92,"[28, 18, 36]",1962-09-15
25237,Come and See,ru,8.3,429,16.141,"[18, 36, 10752]",1985-07-01
797,Persona,sv,8.3,963,16.51,[18],1966-10-18
20914,My Friends,it,8.3,389,7.519,[35],1975-08-15
11659,The Best of Youth,it,8.3,278,8.572000000000001,"[18, 10749]",2003-06-22
10376,The Legend of 1900,it,8.3,1334,16.848,"[18, 10402, 10749]",1998-10-28
24188,Il Sorpasso,it,8.3,317,9.06,"[35, 18]",1962-12-04
12493,High and Low,ja,8.3,278,10.456,"[80, 18, 9648, 53]",1963-03-01
290098,The Handmaiden,ko,8.3,1626,24.523000000000003,"[18, 53, 10749]",2016-06-01
335,Once Upon a Time in the West,it,8.3,2432,25.059,[37],1968-12-21
24382,Big Deal on Madonna Street,it,8.3,348,10.405999999999999,"[35, 80]",1958-06-06
1398,Stalker,ru,8.3,927,25.088,"[18, 878]",1979-05-25
422,8½,it,8.3,1156,19.921,"[14, 18]",1963-02-14
895,Andrei Rublev,ru,8.3,348,12.321,"[18, 36]",1966-12-16
378064,A Silent Voice,ja,8.3,1497,27.991,"[18, 16, 10749]",2016-09-17
531428,Portrait of a Lady on Fire,fr,8.3,505,32.415,"[18, 10749]",2019-06-17
5156,Bicycle Thieves,it,8.3,1172,18.264,[18],1948-11-24
670,Oldboy,ko,8.2,4580,27.816,"[28, 18, 9648, 53]",2003-11-21
517814,Capernaum,ar,8.2,673,20.329,[18],2018-10-06
77338,The Intouchables,fr,8.2,11356,42.833,"[35, 18]",2011-11-02
110420,Wolf Children,ja,8.2,1253,18.612000000000002,"[16, 18, 14, 10751]",2012-07-21
490,The Seventh Seal,sv,8.2,1477,20.691,"[14, 18]",1957-02-16
28422,Love Exposure,ja,8.2,211,11.885,"[28, 35, 18, 10749]",2009-01-31
19,Metropolis,de,8.2,1419,18.275,"[18, 878]",1927-01-10
11878,Yojimbo,ja,8.2,679,15.536,"[18, 53]",1961-04-25
9764,Dersu Uzala,ru,8.2,206,8.737,"[28, 12, 18]",1975-08-02
446159,Bacurau,pt,8.2,387,14.699000000000002,"[9648, 53, 37]",2019-08-29
437068,A Taxi Driver,ko,8.2,258,12.56,"[18, 36, 28]",2017-08-02
10494,Perfect Blue,ja,8.2,879,18.805999999999997,"[16, 53]",1997-07-25
579245,The Specials,fr,8.2,295,29.605999999999998,"[35, 18]",2019-10-23
38288,I Corti,it,8.2,290,7.704,[35],1996-01-01
429210,Bingo: The King of the Mornings,pt,8.2,227,7.249,"[35, 18]",2017-08-24
614,Wild Strawberries,sv,8.2,763,13.91,[18],1957-12-26
439,La Dolce Vita,it,8.2,917,13.573,"[35, 18]",1960-02-05
548,Rashomon,ja,8.2,1044,17.713,"[80, 18, 9648]",1950-08-26
411088,The Invisible Guest,es,8.2,2279,47.063,"[80, 9648, 53]",2016-09-22
1396,Mirror,ru,8.2,419,13.937000000000001,"[18, 36]",1975-03-07
833,Umberto D.,it,8.2,287,10.852,[18],1952-01-20
780,The Passion of Joan of Arc,fr,8.2,413,13.337,"[18, 36]",1928-04-21
538362,On My Skin,it,8.2,1339,15.958,[18],2018-08-29
14696,Ugetsu,ja,8.1,240,10.9,"[14, 18, 9648]",1953-03-26
147,The 400 Blows,fr,8.1,988,12.255,[18],1959-05-04
11645,Ran,ja,8.1,720,16.493,"[28, 18, 36]",1985-06-01
149871,The Tale of the Princess Kaguya,ja,8.1,822,17.601,"[16, 18, 14]",2013-11-23
832,M,de,8.1,1055,17.669,"[28, 80, 18, 53]",1931-05-11
19426,Nights of Cabiria,it,8.1,321,11.134,[18],1957-10-03
92321,Hotarubi no Mori e,ja,8.1,341,0.6,"[16, 14, 10749]",2011-09-17
1059,The Hidden Fortress,ja,8.1,252,11.248,"[28, 12, 35, 18]",1958-12-28
11712,Sanjuro,ja,8.1,265,9.323,"[18, 28, 35]",1962-01-01
160885,Tel chi el telùn,it,8.1,249,6.404,[35],2009-03-01
12761,Autumn Sonata,sv,8.1,204,9.863,[18],1978-10-08
843,In the Mood for Love,cn,8.1,1045,20.664,"[18, 10749]",2000-05-22
2517,Nobody Knows,ja,8.1,204,10.224,[18],2004-08-07
8392,My Neighbor Totoro,ja,8.1,4248,50.41,"[16, 14, 10751]",1988-04-16
42229,A Special Day,it,8.1,318,8.722000000000001,"[18, 10749]",1977-08-11
666,Central Station,pt,8.1,387,9.412,[18],1998-11-20
237791,The Way He Looks,pt,8.1,652,10.367,"[18, 10749]",2014-03-28
307,"Rome, Open City",it,8.1,391,10.224,"[18, 36]",1945-09-27
310569,The Second Mother,pt,8.1,431,9.462,[18],2015-02-08
46738,Incendies,fr,8.1,1241,14.597000000000001,"[18, 10752, 9648]",2010-09-04
378108,In This Corner of the World,ja,8.1,242,11.763,"[18, 16, 10749, 10752, 36]",2016-11-12
387,Das Boot,de,8.1,1125,19.414,"[18, 36, 10752]",1981-09-16
18438,Castaway on the Moon,ko,8.1,345,9.216000000000001,"[18, 35, 10749]",2009-05-14
10997,Farewell My Concubine,zh,8.1,236,17.097,[18],1993-09-16
582,The Lives of Others,de,8.1,2052,20.608,"[18, 53]",2006-03-15
110,Three Colors: Red,fr,8.1,631,13.444,"[18, 9648, 10749]",1994-05-27
406,La Haine,fr,8.1,1887,18.283,[18],1995-05-31
8422,Rocco and His Brothers,it,8.1,231,9.847999999999999,"[80, 18]",1960-10-06
11423,Memories of Murder,ko,8.1,1432,31.241,"[80, 18, 53]",2003-05-02
7347,Elite Squad,pt,8.1,1159,11.429,"[28, 80, 18]",2007-10-12
1394,Nostalgia,ru,8.1,233,10.31,"[18, 10749]",1983-05-01
204,The Wages of Fear,fr,8.1,399,11.615,"[18, 53, 12]",1953-04-21
103663,The Hunt,da,8.1,1912,26.518,[18],2012-09-24
11104,Chungking Express,cn,8.0,627,17.811,"[18, 35, 10749]",1994-07-14
360814,Dangal,hi,8.1,426,14.562000000000001,"[18, 28]",2016-12-21
20271,Divorce Italian Style,it,8.0,201,7.414,[35],1961-12-20
15383,Army of Shadows,fr,8.0,293,11.618,"[18, 53, 10752]",1969-09-10
29264,The Exterminating Angel,es,8.0,317,12.265,"[35, 18, 14]",1962-05-16
10404,Raise the Red Lantern,zh,8.0,333,12.043,[18],1991-12-20
17295,The Battle of Algiers,it,8.0,349,11.147,"[18, 36, 10752]",1966-09-08
3777,Throne of Blood,ja,8.0,368,16.827,"[18, 36]",1957-01-15
498249,Bad Seeds,fr,8.0,317,9.327,[35],2018-11-21
38286,Tre Uomini e una Gamba,it,8.0,1366,8.613999999999999,[35],1997-12-27
662,La Jetée,fr,8.0,382,10.569,"[878, 10749]",1962-02-16
938,For a Few Dollars More,it,8.0,2142,23.084,[37],1965-12-18
10238,Cries and Whispers,sv,8.0,301,12.043,[18],1972-12-21
15244,A Man Escaped,fr,8.0,204,8.372,"[18, 53, 10752]",1956-11-11
393729,Divines,fr,8.0,424,9.074,[18],2016-08-31
7508,Like Stars on Earth,hi,8.0,485,11.828,[18],2007-12-21
7857,Amarcord,it,8.0,527,10.42,"[35, 18]",1973-12-13
405,La Strada,it,8.0,493,9.637,[18],1954-07-16
430424,See You Up There,fr,8.0,785,14.739,"[35, 80, 18, 10752]",2017-10-25
775,A Trip to the Moon,fr,8.0,867,16.066,"[12, 14, 878]",1902-09-01
24167,Two Women,it,8.0,217,9.51,"[18, 10752]",1960-12-23
315465,The Boy and the Beast,ja,8.0,775,13.923,"[16, 14]",2015-07-11
41050,La Notte,it,8.0,243,8.628,[18],1961-01-23
564427,Minha Vida em Marte,pt,8.0,207,5.872000000000001,"[35, 10749]",2018-12-27
1626,Vivre Sa Vie,fr,8.0,306,8.561,[18],1962-08-28
505192,Shoplifters,ja,8.0,876,14.036,"[18, 80]",2018-06-02
31442,Ivan's Childhood,ru,8.0,294,9.222000000000001,"[18, 10752]",1962-05-05
60243,A Separation,fa,8.0,929,13.508,[18],2011-03-15
21334,Children of Heaven,fa,8.0,265,9.558,"[35, 18, 10751]",1997-08-01
586863,Les Misérables,fr,8.0,413,40.9,"[80, 18, 53]",2019-11-14
11656,The Virgin Spring,sv,8.0,268,9.343,"[80, 18]",1960-02-08
11010,The Postman,it,8.0,588,8.537,"[35, 18, 10749]",1994-04-07
10515,Castle in the Sky,ja,8.0,2170,28.666999999999998,"[12, 14, 16, 28, 10751, 10749]",1986-08-02
1675,Day for Night,fr,8.0,277,8.69,"[35, 18]",1973-05-24
25376,The Secret in Their Eyes,es,8.0,1361,14.305,"[80, 18, 9648, 10749]",2009-08-13
20453,3 Idiots,hi,7.9,1339,18.992,"[35, 18]",2009-12-23
234,The Cabinet of Dr. Caligari,de,7.9,696,13.304,"[80, 18, 27, 53]",1920-02-27
5544,Hiroshima Mon Amour,fr,7.9,346,9.401,"[18, 36, 10749]",1959-06-10
5511,Le Samouraï,fr,7.9,450,13.047,"[80, 53]",1967-10-25
33320,Millennium Actress,ja,7.9,304,14.385,"[16, 18, 10749]",2001-10-28
11953,Kagemusha,ja,7.9,310,10.302999999999999,"[28, 18, 36, 10752]",1980-04-26
381341,Perfect Strangers,it,7.9,3008,17.857,"[35, 18]",2016-02-11
20722,La Maison en Petits Cubes,ja,7.9,284,7.053,"[16, 18, 10751]",2008-06-10
827,Diabolique,fr,7.9,456,9.649,"[18, 27, 53]",1955-01-29
2011,Persepolis,fr,7.9,1103,9.472000000000001,"[16, 18]",2007-06-27
149,Akira,ja,7.9,1995,25.736,"[878, 16]",1988-07-16
359156,Don't Be Bad,it,7.9,594,9.013,"[80, 18]",2015-09-08
336804,Mustang,tr,7.9,927,7.779,[18],2015-06-17
20126,Deep Red,it,7.9,769,10.927,"[27, 9648, 53]",1975-03-07
9323,Ghost in the Shell,ja,7.9,1706,25.846,"[28, 16, 878]",1995-11-18
8290,Don't Look Now: We're Being Shot At,fr,7.9,756,20.921,"[35, 10752]",1966-12-07
25606,White Collar Blues,it,7.9,508,7.834,[35],1975-03-27
32480,The Marquis of Grillo,it,7.9,262,6.791,[35],1981-12-23
194,Amélie,fr,7.9,7308,32.883,"[35, 10749]",2001-04-25
11602,Through a Glass Darkly,sv,7.9,234,8.34,[18],1961-06-06
26022,My Name Is Khan,hi,7.9,517,12.821,"[18, 10749]",2010-02-11
348892,Bajrangi Bhaijaan,hi,7.9,260,10.575999999999999,"[28, 35, 18]",2015-07-17
398924,A Bag of Marbles,fr,7.9,532,9.283,[18],2017-01-18
391,A Fistful of Dollars,it,7.9,2244,23.315,[37],1964-09-12
505262,My Hero Academia: Two Heroes,ja,7.9,277,11.93,"[28, 12, 16, 35, 14]",2018-08-03
593,Solaris,ru,7.9,788,15.773,"[12, 18, 9648, 878]",1972-03-20
81,Nausicaä of the Valley of the Wind,ja,7.9,1784,31.425,"[12, 16, 14]",1984-03-11
934,Rififi,fr,7.9,213,9.336,"[28, 80, 18]",1955-04-13
451945,BPM (Beats per Minute),fr,7.9,907,9.725,[18],2017-08-23
144,Wings of Desire,de,7.9,589,12.058,"[18, 14, 10749]",1987-05-17
113,"Spring, Summer, Fall, Winter... and Spring",ko,7.9,554,17.945999999999998,[18],2003-09-19
242828,When Marnie Was There,ja,7.9,811,15.819,"[16, 18]",2014-07-19
499,Cléo from 5 to 7,fr,7.9,224,11.22,"[35, 18]",1962-04-11
37797,Whisper of the Heart,ja,7.9,807,19.396,"[16, 18, 10751]",1995-07-15
3870,1900,it,7.9,269,10.527000000000001,"[18, 36, 10749]",1976-09-01
5961,Fanny and Alexander,sv,7.9,346,11.978,"[18, 14, 9648]",1982-12-17
27670,Nothing Left to Do but Cry,it,7.9,636,8.912,[35],1984-12-20
8327,The Holy Mountain,es,7.9,412,11.862,[18],1973-05-01
16804,Departures,ja,7.9,379,7.877999999999999,[18],2008-09-13
488623,Forgotten,ko,7.9,255,12.023,"[18, 9648, 53]",2017-11-29
13398,Tokyo Godfathers,ja,7.8,434,10.652999999999999,"[16, 18]",2003-12-29
777,Grand Illusion,fr,7.8,305,11.718,"[18, 36, 10752]",1937-06-04
71157,Polisse,fr,7.8,766,7.511,[18],2011-10-06
10227,PlayTime,fr,7.8,225,8.765,[35],1967-12-16
1628,Jules and Jim,fr,7.8,444,12.978,"[18, 10749]",1962-01-23
203217,My Mom is a Character: The Film,pt,7.8,426,8.332,[35],2013-06-21
513434,One Cut of the Dead,ja,7.8,202,8.599,"[35, 27]",2017-11-04
12093,Lilya 4-ever,sv,7.8,274,10.344000000000001,"[80, 18]",2002-08-23
21135,L'Eclisse,it,7.8,202,9.502,"[18, 10749]",1962-04-12
25253,Crooks in Clover,fr,7.8,267,8.725,"[28, 35, 80]",1963-11-27
1280,3-Iron,ko,7.8,579,11.149000000000001,"[80, 18, 10749]",2004-10-15
613,Downfall,de,7.8,2093,17.303,"[18, 36, 10752]",2004-09-08
13855,The Chaser,ko,7.8,549,12.261,"[80, 18, 53]",2008-02-14
335578,Land of Mine,da,7.8,845,12.026,"[18, 36, 10752]",2015-12-03
49687,Marriage Italian Style,it,7.8,226,9.994,"[35, 18, 10749]",1964-12-18
9421,The Dinner Game,fr,7.8,1045,10.132,[35],1998-04-15
336,"Duck, You Sucker",it,7.8,511,14.030999999999999,[37],1971-10-20
108,Three Colors: Blue,fr,7.8,787,13.705,[18],1993-01-10
393559,My Life as a Zucchini,fr,7.8,732,8.88,"[16, 18, 10751]",2016-10-12
24657,The Sacrifice,sv,7.8,216,12.142999999999999,[18],1986-05-14
382591,Two Is a Family,fr,7.8,2230,14.192,"[35, 18]",2016-12-07
265195,Wild Tales,es,7.8,1823,15.924000000000001,"[35, 18, 53]",2014-08-21
16859,Kiki's Delivery Service,ja,7.8,1957,30.316999999999997,"[16, 12, 18, 14, 10751]",1989-07-29
2440,Joint Security Area,ko,7.8,270,11.71,"[10752, 18, 53, 28]",2000-09-09
575452,The Traitor,it,7.8,525,34.864000000000004,"[80, 18]",2019-05-23
29458,One Hundred Steps,it,7.8,371,6.678999999999999,"[80, 18]",2000-08-31
10775,Infernal Affairs,cn,7.8,851,17.768,"[28, 80, 18, 9648, 53]",2002-12-12
269,Breathless,fr,7.8,855,13.850999999999999,"[18, 80]",1960-03-16
11902,Underground,sr,7.8,321,12.373,"[35, 18, 10752]",1995-04-11
110160,Laurence Anyways,fr,7.8,452,9.142000000000001,"[18, 10749]",2012-05-18
8416,The Conformist,it,7.8,311,10.405999999999999,[18],1970-10-21
265169,Winter Sleep,tr,7.8,278,11.213,[18],2014-06-13
14069,The Girl Who Leapt Through Time,ja,7.8,1089,19.805,"[14, 16, 18, 878]",2006-07-15
320007,Victoria,de,7.8,696,9.117,"[80, 18, 53]",2015-06-11
776,The Rules of the Game,fr,7.8,260,8.46,"[35, 18, 10749]",1939-06-08
238628,Tangerines,et,7.8,229,7.225,"[18, 10752]",2013-10-16
137182,The Broken Circle Breakdown,nl,7.8,687,6.235,[18],2012-10-09
10835,The Killer,cn,7.8,369,13.530999999999999,"[28, 80, 18, 53]",1989-07-06
30018,Mother,ko,7.8,509,14.292,"[80, 18, 9648, 53]",2009-05-28
86837,Amour,fr,7.8,889,11.353,"[18, 10749]",2012-07-01
47931,Elite Squad: The Enemy Within,pt,7.8,985,12.322000000000001,"[18, 28, 80]",2010-10-08
11220,Fallen Angels,cn,7.8,270,12.39,"[28, 18, 10749]",1995-09-06
309,The Celebration,da,7.8,464,11.41,[18],1998-06-19
4977,Paprika,ja,7.8,1062,15.252,"[16, 18, 9648, 878, 53]",2006-10-01
22843,Evangelion: 2.0 You Can (Not) Advance,ja,7.8,269,9.559,"[28, 16, 18, 878]",2009-06-26
297222,PK,hi,7.8,512,14.417,"[35, 18]",2014-12-18
52345,Lisbela and the Prisoner,pt,7.8,233,1.195,"[35, 10749]",2003-08-22
336808,Embrace of the Serpent,es,7.8,260,9.763,"[18, 12]",2015-05-25
49797,I Saw the Devil,ko,7.8,1163,21.68,"[53, 27]",2010-08-12
1075,"Black Cat, White Cat",sr,7.8,364,10.261,"[35, 10749]",1998-06-01
149870,The Wind Rises,ja,7.8,1514,20.239,[16],2013-07-20
11621,Porco Rosso,ja,7.8,1574,20.187,"[12, 16, 35]",1992-07-18
4480,Jean de Florette,fr,7.7,270,8.69,[18],1986-08-27
568160,Weathering with You,ja,7.7,225,17.403,"[16, 10749, 14, 18, 12]",2019-07-19
24653,The Consequences of Love,it,7.7,339,8.372,"[80, 18]",2004-09-24
18329,Happy Together,zh,7.7,228,11.579,"[18, 10749]",1997-05-17
1600,The Double Life of Véronique,fr,7.7,342,10.317,"[18, 53]",1991-05-15
1093,Elevator to the Gallows,fr,7.7,239,9.052999999999999,"[80, 18, 53]",1958-01-29
2433,The Young Girls of Rochefort,fr,7.7,258,7.216,"[35, 18, 10749]",1967-03-08
42801,"Yesterday, Today and Tomorrow",it,7.7,206,10.105,"[35, 18, 10749]",1963-12-21
426426,Roma,es,7.7,2536,16.602999999999998,[18],2018-08-25
19026,Azur & Asmar: The Princes' Quest,fr,7.7,327,9.369,"[16, 10751]",2006-10-25
11421,C.R.A.Z.Y.,fr,7.7,257,8.097000000000001,[18],2005-05-27
126319,Ernest & Celestine,fr,7.7,301,14.710999999999999,"[16, 35, 18, 10751]",2012-12-12
12548,I Vitelloni,it,7.7,309,7.2589999999999995,"[35, 18]",1953-08-26
11658,Tae Guk Gi: The Brotherhood of War,ko,7.7,260,9.957,"[28, 12, 18, 36, 10752]",2004-02-05
12516,Dreams,ja,7.7,215,6.996,"[18, 14]",1990-05-11
1040,The Leopard,it,7.7,365,9.988,[18],1963-03-28
1417,Pan's Labyrinth,es,7.7,6955,29.866999999999997,"[18, 14, 10752]",2006-08-25
8832,Il Divo,it,7.7,571,8.215,[18],2008-05-28
653,Nosferatu,de,7.7,960,13.989,"[18, 14, 27]",1922-02-17
16306,Fantastic Planet,fr,7.7,355,12.13,"[16, 878]",1973-12-01
11482,The Tenant,fr,7.7,561,6.527,"[27, 53, 14]",1976-05-26
4497,Viridiana,es,7.7,239,10.321,[18],1961-05-17
10757,Kabhi Khushi Kabhie Gham,hi,7.7,228,11.165,"[35, 18]",2001-12-14
2786,Pierrot le Fou,fr,7.7,417,13.017000000000001,"[18, 53]",1965-08-29
484751,Through The Fire,fr,7.7,352,7.452999999999999,[18],2018-11-28
9343,Fitzcarraldo,de,7.7,340,8.97,"[28, 12, 18]",1982-03-04
544510,"Cyrano, My Love",fr,7.7,230,7.551,"[36, 35]",2019-01-09
227932,My Mom is a Character 2,pt,7.7,346,7.465,[35],2016-12-22
484468,The Wolf's Call,fr,7.7,886,25.421999999999997,"[28, 53]",2019-02-20
396535,Train to Busan,ko,7.7,3351,33.008,"[28, 27, 53]",2016-07-20
8073,Band of Outsiders,fr,7.7,259,7.782,"[80, 18, 10749]",1964-08-05
5528,The Chorus,fr,7.7,1480,19.684,[18],2004-03-17
18079,Nine Queens,es,7.7,335,6.7989999999999995,[80],2000-08-31
364137,All Three of Us,fr,7.7,320,6.542999999999999,"[35, 18]",2015-11-04
347201,Boruto: Naruto the Movie,ja,7.7,370,15.751,"[28, 16, 35]",2015-08-07
38251,Mediterraneo,it,7.7,540,9.167,"[35, 10749, 10752]",1991-01-31
13386,I'm Starting from Three,it,7.7,342,6.457000000000001,[35],1981-03-05
12429,Ponyo,ja,7.7,2133,40.184,"[16, 10751]",2008-07-19
11299,Cowboy Bebop: The Movie,ja,7.7,379,15.415999999999999,"[28, 16, 878]",2001-09-01
5910,Fireworks,ja,7.7,285,7.376,"[80, 18]",1997-09-03
8342,No Man's Land,bs,7.7,229,9.089,"[28, 18, 36]",2001-09-08
4593,The Discreet Charm of the Bourgeoisie,fr,7.7,363,11.632,[35],1972-09-15
284427,Who Am I,de,7.7,798,17.822,[53],2014-09-25
111083,The Body,es,7.7,655,10.517000000000001,"[53, 9648]",2012-10-04
221731,Rurouni Kenshin: Kyoto Inferno,ja,7.7,200,19.762999999999998,"[28, 12, 18]",2014-08-01
14756,Ip Man,cn,7.7,2209,20.27,"[28, 18, 36]",2008-12-12
158,Knockin' on Heaven's Door,de,7.7,248,12.357999999999999,"[35, 80]",1997-02-20
41411,The Round Up,fr,7.7,696,10.9,"[18, 36, 10752]",2010-03-10
180299,The Raid 2,id,7.7,1374,19.660999999999998,"[28, 80, 53]",2014-03-27
99,All About My Mother,es,7.7,932,14.084000000000001,"[35, 18]",1999-04-19
11657,Le Cercle Rouge,fr,7.7,284,10.288,"[18, 53, 80]",1970-10-19
54186,Confessions,ja,7.7,466,9.522,"[18, 9648, 53]",2010-06-04
11190,The Return,ru,7.7,230,9.606,"[18, 9648, 53]",2003-06-25
1567,I Stand Alone,fr,7.6,232,9.501,"[18, 53]",1998-05-16
483184,Dogman,it,7.6,1297,11.217,"[80, 18, 53]",2018-05-17
15137,Evangelion: 1.0 You Are (Not) Alone,ja,7.6,285,9.962,"[16, 878, 28, 18]",2007-09-01
50531,Ask Me If I Am Happy,it,7.6,1083,8.281,"[35, 18]",2000-12-15
5165,L'Avventura,it,7.6,303,8.265,"[18, 9648]",1960-06-29
49992,Lucky and Zorba,it,7.6,415,6.67,[16],1998-12-22
167581,Free Fall,de,7.6,445,15.97,"[18, 10749]",2013-05-27
468284,The Insult,fr,7.6,274,10.94,"[80, 18]",2017-09-14
4291,Kikujiro,ja,7.6,213,10.716,"[35, 18, 10751]",1999-06-05
64,Talk to Her,es,7.6,639,12.527999999999999,"[18, 10749]",2002-03-14
55,Amores Perros,es,7.6,1257,16.137,"[18, 53]",2000-06-16
26280,I Killed My Mother,fr,7.6,705,9.041,[18],2009-06-05
375572,Italian Race,it,7.6,673,11.302,[18],2016-04-07
643,Battleship Potemkin,ru,7.6,573,9.585,"[18, 36]",1925-12-24
74879,Once Upon a Time in Anatolia,tr,7.6,223,8.103,"[80, 18]",2011-09-23
21575,A Prophet,fr,7.6,831,12.135,"[80, 18]",2009-08-26
2013,The Diving Bell and the Butterfly,fr,7.6,650,13.222000000000001,[18],2007-05-23
11782,Hard Boiled,cn,7.6,350,13.295,"[28, 80, 53]",1992-04-16
2000,"Aguirre, the Wrath of God",de,7.6,532,12.61,"[12, 18, 36]",1972-12-29
4024,Last Year at Marienbad,fr,7.6,235,9.631,"[18, 10749]",1961-05-25
1786,Au Revoir les Enfants,fr,7.6,331,10.137,"[18, 10752]",1987-10-06
51608,The Man from Nowhere,ko,7.6,634,16.246,"[28, 53, 80]",2010-08-04
177945,"Like Father, Like Son",ja,7.6,294,8.571,[18],2013-09-28
595975,La Belle Époque,fr,7.6,254,13.114,"[35, 18]",2019-11-06
2009,"4 Months, 3 Weeks and 2 Days",ro,7.6,348,8.408,[18],2007-08-24
9394,They Call Me Trinity,it,7.6,696,12.974,"[28, 35, 37]",1970-12-22
648,Beauty and the Beast,fr,7.6,315,10.102,"[18, 14, 10749]",1946-10-29
18333,Hour of the Wolf,sv,7.6,233,8.369,"[18, 27]",1968-02-19
4481,Manon of the Spring,fr,7.6,245,8.447000000000001,[18],1986-11-19
337703,The Red Turtle,fr,7.6,682,9.945,"[16, 18, 14, 10751]",2016-06-29
7500,Sonatine,ja,7.6,259,8.427,"[28, 80, 53]",1993-04-10
489418,In Safe Hands,es,7.6,236,8.031,[18],2018-12-05
317442,The Last: Naruto the Movie,ja,7.6,362,21.631,"[28, 16, 10749]",2014-12-06
1913,The Sea Inside,es,7.6,498,9.736,[18],2004-09-03
451657,Custody,fr,7.6,343,8.047,"[18, 53]",2018-02-07
37769,The Second Tragic Fantozzi,it,7.6,391,7.5489999999999995,[35],1976-04-15
31417,Eyes Without a Face,fr,7.6,306,9.06,"[18, 27, 53]",1960-01-11
269258,Head Full of Honey,de,7.6,215,11.290999999999999,"[35, 18]",2014-12-25
271706,Big Fish & Begonia,zh,7.6,212,10.474,"[16, 12, 14]",2016-07-08
51739,The Secret World of Arrietty,ja,7.6,1520,27.499000000000002,"[16, 14, 10751]",2010-07-16
7735,The Wave,de,7.6,2019,15.724,"[18, 53]",2008-03-11
586940,I Lost My Body,fr,7.6,558,11.2,"[16, 18, 14]",2019-11-06
439584,I Can Quit Whenever I Want 3: Ad Honorem,it,7.6,636,8.436,"[28, 35]",2017-11-30
12169,The First Day of the Rest of Your Life,fr,7.6,308,6.789,[18],2008-07-23
14282,Ninja Scroll,ja,7.6,238,15.86,"[14, 12, 16]",1993-06-05
100271,A Letter to Momo,ja,7.6,204,7.843,"[35, 14, 16, 18, 10751]",2012-04-21
11906,Suspiria,it,7.6,1458,17.316,[27],1977-02-01
440298,Cold War,pl,7.6,789,12.307,[18],2018-06-08
315846,Our Little Sister,ja,7.6,209,10.464,"[35, 18]",2015-06-13
649,Belle de Jour,fr,7.6,401,11.9,"[18, 10749]",1967-05-24
72478,Suicide Room,pl,7.6,276,6.132000000000001,"[18, 53, 16]",2011-03-04
37181,About Elly,fa,7.6,236,10.569,[18],2009-02-10
63311,The Skin I Live In,es,7.5,1808,10.823,"[18, 27, 9648, 53]",2011-08-17
377273,Aquarius,pt,7.5,271,6.614,[18],2016-09-01
175,The Big Blue,fr,7.5,816,12.414000000000001,"[12, 18, 10749]",1988-05-11
14257,Delusions of Grandeur,fr,7.5,382,20.838,"[35, 36]",1971-04-01
375794,No Manches Frida,es,7.5,231,7.042999999999999,[35],2016-09-02
11344,A Bittersweet Life,ko,7.5,411,13.905999999999999,"[28, 80, 18]",2005-03-31
1902,Open Your Eyes,es,7.5,483,12.269,"[18, 53]",1997-12-19
15472,The Girl with the Dragon Tattoo,sv,7.5,1838,22.430999999999997,"[80, 18, 9648, 53]",2009-02-27
11178,My Sassy Girl,ko,7.5,307,13.508,"[35, 18, 10749]",2001-07-27
244063,Boys,nl,7.5,323,8.182,[18],2014-01-08
109,Three Colors: White,fr,7.5,537,11.747,"[35, 18, 9648]",1994-01-26
503314,Dragon Ball Super: Broly,ja,7.5,1194,3.471,"[28, 16, 878]",2018-12-14
499631,Fabrizio De André: Principe libero,it,7.5,240,4.562,"[10402, 36]",2018-01-23
626,Un Chien Andalou,fr,7.5,682,13.48,"[18, 14, 27]",1929-06-05
413594,Sword Art Online: The Movie - Ordinal Scale,ja,7.5,285,12.255,"[28, 12, 16, 14, 878, 10749]",2017-02-18
83389,From Up on Poppy Hill,ja,7.5,770,15.779000000000002,"[16, 18]",2011-07-16
529216,Mirage,es,7.5,784,23.42,"[18, 9648, 878, 53, 10749]",2018-11-30
211954,Instructions Not Included,es,7.5,406,8.701,"[35, 18]",2013-07-20
28874,Summer Wars,ja,7.5,525,13.148,[16],2009-08-01
1023,Adam's Apples,da,7.5,369,11.459000000000001,"[18, 35, 80]",2005-04-15
457601,Everything You Want,it,7.5,214,5.745,"[35, 18]",2017-05-11
431937,Mr & Mme Adelman,fr,7.5,241,8.623,"[10749, 18, 35]",2017-03-08
303483,Once in a Lifetime,fr,7.5,209,5.143,[18],2014-12-03
198375,The Garden of Words,ja,7.5,1037,13.106,"[16, 18, 10749]",2013-05-31
565179,The First King: Birth of an Empire,la,7.5,496,13.328,"[28, 18, 36]",2019-01-31
212167,Patema Inverted,ja,7.5,201,11.08,"[12, 16, 18, 14, 878]",2013-11-09
8440,Carandiru,pt,7.5,254,8.738,[18],2003-03-21
79,Hero,zh,7.5,1261,24.119,"[18, 12, 28, 36]",2002-07-22
434616,Patients,fr,7.5,440,6.195,"[35, 18]",2017-03-01
200085,The Flu,ko,7.5,549,26.951,"[28, 18]",2013-08-14
37903,The White Ribbon,de,7.5,538,11.544,"[18, 9648]",2009-10-06
338,Good Bye Lenin!,de,7.5,1321,15.435,"[35, 18]",2003-02-09
432616,Promise at Dawn,fr,7.5,291,6.803,"[18, 10749]",2017-12-20
15097,Fear City: A Family-Style Comedy,fr,7.5,668,8.618,[35],1994-03-09
61979,Three Steps Above Heaven,es,7.5,1223,28.365,"[10749, 18]",2010-12-03
348678,A Man Called Ove,sv,7.5,518,9.318999999999999,"[35, 18]",2015-12-25
75629,Evangelion: 3.0 You Can (Not) Redo,ja,7.5,219,11.020999999999999,"[28, 16, 18, 878]",2012-11-17
11471,A Better Tomorrow,cn,7.5,207,10.562999999999999,"[28, 80, 18]",1986-08-02
4550,Sympathy for Lady Vengeance,ko,7.5,827,14.285,"[18, 53]",2005-07-29
244088,Human Capital,it,7.5,600,9.304,[18],2014-01-09
5967,The Umbrellas of Cherbourg,fr,7.5,301,11.363,"[18, 10749]",1964-02-19
14645,Santa Claus Is a Stinker,fr,7.5,588,8.431000000000001,[35],1982-08-25
435577,The 12th Man,no,7.5,208,15.315,"[18, 10752]",2017-12-25
265180,Leviathan,ru,7.5,455,14.097000000000001,[18],2014-09-24
11829,Trinity Is Still My Name,it,7.5,480,18.229,"[35, 37]",1971-10-21
13310,Let the Right One In,sv,7.5,1781,15.557,"[18, 27]",2008-01-26
779,Vampyr,de,7.5,207,8.856,"[14, 27]",1932-05-06
406385,I Can Quit Whenever I Want 2: Masterclass,it,7.5,854,9.209,"[28, 35, 80]",2017-02-02
380225,Like Crazy,it,7.5,590,6.722,"[35, 18]",2016-05-17
364433,They Call Me Jeeg,it,7.5,1732,13.370999999999999,"[28, 35, 18, 878, 53]",2016-02-25
14092,Ghost in the Shell 2.0,ja,7.5,209,12.965,"[28, 16, 878]",2008-07-12
15371,Lupin the Third: The Castle of Cagliostro,ja,7.5,502,18.28,"[12, 16, 35, 80]",1979-12-15
9385,The Twelve Tasks of Asterix,fr,7.5,652,12.342,"[12, 16, 35, 10751]",1976-06-26
363,Head-On,de,7.5,285,9.918,"[18, 10749]",2004-03-11
902,The City of Lost Children,fr,7.5,574,15.187000000000001,"[12, 14, 878]",1995-08-17
1407,La Vie en Rose,fr,7.5,981,12.376,"[18, 10402]",2007-02-14
6404,Nosferatu the Vampyre,de,7.5,364,10.297,"[18, 27]",1979-01-17
27632,Black Sunday,it,7.5,217,7.513,[27],1960-08-11
519010,Pain and Glory,es,7.5,875,17.329,[18],2019-03-22
38396,That's Life,it,7.5,815,8.541,[35],1998-12-18
4203,Women on the Verge of a Nervous Breakdown,es,7.5,414,10.886,"[35, 18]",1988-03-14
6916,"Watch Out, We're Mad",it,7.5,448,11.809000000000001,"[28, 35]",1974-03-29
250219,I Can Quit Whenever I Want,it,7.5,1287,10.772,[35],2014-02-06
8740,The Vanishing,nl,7.5,269,9.65,"[27, 53]",1988-10-27
575,The Experiment,de,7.5,636,14.23,"[18, 53]",2001-03-07
127533,Rurouni Kenshin: Origins,ja,7.5,285,14.158,"[28, 18, 36]",2012-08-25
4689,Sympathy for Mr. Vengeance,ko,7.5,696,12.235999999999999,"[28, 18, 53]",2002-03-29
219,Volver,es,7.5,926,9.988999999999999,"[35, 18, 10749]",2006-03-16
179144,The Great Beauty,it,7.5,1849,14.001,[18],2013-05-21
690,Pickpocket,fr,7.4,214,7.562,"[80, 18]",1959-12-16
274109,Palm Trees in the Snow,es,7.4,291,26.608,"[12, 18, 10749]",2015-12-25
9462,The Way of the Dragon,cn,7.4,514,19.444000000000003,"[28, 80]",1972-06-01
33273,Cell 211,es,7.4,670,8.654,"[28, 18, 53]",2009-11-06
36940,The First Beautiful Thing,it,7.4,338,5.74,"[35, 18]",2010-01-15
7913,Rang De Basanti,hi,7.4,215,10.236,"[35, 18, 36]",2006-01-26
145,Breaking the Waves,da,7.4,527,12.068,"[18, 10749]",1996-05-13
13635,Mesrine: Killer Instinct,fr,7.4,546,9.645,"[28, 80, 18, 53]",2008-10-22
15362,Mesrine: Public Enemy #1,fr,7.4,508,7.869,"[28, 80, 18, 53]",2008-11-19
481432,Happy as Lazzaro,it,7.4,311,8.408999999999999,"[18, 14]",2018-05-31
57361,The Yellow Sea,ko,7.4,225,9.654,"[80, 18, 53]",2010-12-22
26638,Red Desert,it,7.4,200,9.113999999999999,[18],1964-09-04
491584,Burning,ko,7.4,609,15.238,"[9648, 18, 53]",2018-05-17
40794,Loose Cannons,it,7.4,399,8.968,"[35, 18, 10749]",2010-02-12
429174,Loveless,ru,7.4,418,8.663,[18],2017-06-01
9075,Black Book,nl,7.4,581,14.43,"[18, 53, 10752]",2006-09-01
319373,An,ja,7.4,232,7.79,[18],2015-05-30
15384,Red Cliff Part II,zh,7.4,218,11.027000000000001,"[28, 18, 36, 10752]",2009-01-07
76758,The Flowers of War,zh,7.4,394,11.224,"[18, 36, 10752]",2011-12-15
16646,Russian Ark,ru,7.4,232,7.808,"[18, 14, 36, 9648]",2002-05-22
1653,The Motorcycle Diaries,es,7.4,710,15.414000000000001,[18],2004-02-06
256040,Bahubali: The Beginning,te,7.4,282,18.594,"[28, 18]",2015-07-10
356296,Suburra,it,7.4,859,11.040999999999999,"[80, 18, 53]",2015-10-14
10086,Man Bites Dog,fr,7.4,448,9.815,"[35, 80, 18, 27]",1992-05-01
9652,The Passenger,it,7.4,223,7.0889999999999995,"[18, 53]",1975-02-28
140,Bad Education,es,7.4,500,13.838,"[80, 18, 9648, 53, 10749]",2004-03-19
165213,New World,ko,7.4,217,9.45,[53],2013-02-21
12776,Johnny Stecchino,it,7.4,666,9.161,[35],1991-10-24
19666,Lagaan: Once Upon a Time in India,hi,7.4,275,8.652000000000001,"[12, 10749, 18]",2001-06-15
11661,Joyeux Noel,fr,7.4,515,10.969000000000001,"[18, 36, 10749, 10752]",2005-11-09
7549,Fearless,zh,7.4,706,17.403,"[28, 18]",2006-01-26
456929,Champions,es,7.4,370,10.088,"[35, 18]",2018-04-06
587301,School Life,fr,7.4,285,27.684,"[35, 18]",2019-08-28
377263,Frantz,fr,7.4,428,8.362,"[18, 36, 10749]",2016-09-07
94329,The Raid,id,7.4,1900,21.349,"[28, 80, 53]",2012-03-22
2798,Oscar,fr,7.4,271,10.131,[35],1967-10-10
1391,Y Tu Mamá También,es,7.4,725,15.972999999999999,"[18, 10749]",2001-06-08
121642,Twice Born,it,7.4,318,9.257,"[18, 10749, 10752]",2012-09-13
9662,The Triplets of Belleville,fr,7.4,525,9.252,"[16, 35, 18]",2003-06-11
457,Sissi,de,7.4,295,10.811,"[35, 18, 10749]",1955-12-22
239877,The Mafia Kills Only in Summer,it,7.4,822,7.607,"[35, 80, 18, 10749]",2013-11-28
9056,Police Story,cn,7.4,325,15.655999999999999,"[28, 80, 53]",1985-12-14
19100,Those Happy Days,fr,7.4,604,7.627000000000001,"[35, 10751]",2006-06-28
15999,Vampire Hunter D: Bloodlust,ja,7.4,212,11.204,"[28, 12, 16, 14, 27, 9648, 878]",2000-08-25
73624,The Man from the Future,pt,7.4,201,6.65,"[35, 14, 878]",2011-09-02
23550,His Secret Life,it,7.4,304,5.65,[18],2001-03-16
403450,At War for Love,it,7.4,345,6.972,"[35, 18, 10749, 10752]",2016-10-27
1678,Godzilla,ja,7.4,406,13.325999999999999,"[53, 27, 878]",1954-11-03
10234,Funny Games,de,7.4,927,10.706,"[18, 27, 53]",1997-05-14
2899,Asterix & Obelix: Mission Cleopatra,fr,7.4,2085,20.005,"[12, 35, 14, 10751]",2002-01-29
427,Mon Oncle,fr,7.4,231,8.55,[35],1958-05-10
39107,Dragon Ball Z: Fusion Reborn,ja,7.4,393,16.09,"[28, 16]",1995-03-04
459,Sissi: The Fateful Years of an Empress,de,7.4,222,12.527000000000001,"[18, 36, 10749]",1957-12-18
33701,French Fried Vacation 2,fr,7.4,756,12.186,[35],1979-11-22
266,Contempt,fr,7.4,363,10.734000000000002,[18],1963-10-29
88273,A Royal Affair,da,7.4,537,8.921,"[18, 36, 10749]",2012-03-29
41201,The Illusionist,fr,7.4,325,8.157,"[16, 18]",2010-02-16
152780,The Past,fr,7.4,297,9.511000000000001,"[18, 9648]",2013-05-17
37472,Ip Man 2,cn,7.4,1251,4.216,"[28, 18, 36]",2010-04-21
25866,The Sucker,fr,7.4,331,9.855,"[35, 80]",1965-03-24
7862,The Counterfeiters,de,7.4,280,7.553,"[18, 10752]",2007-02-09
39324,Dragon Ball Z: The History of Trunks,ja,7.4,228,10.585,"[28, 16, 18, 878]",1993-02-24
12140,Ghost in the Shell 2: Innocence,ja,7.4,441,12.280999999999999,"[16, 18, 878]",2004-03-06
11713,Fist of Fury,zh,7.4,435,18.96,"[18, 28, 53]",1972-03-22
892,Delicatessen,fr,7.4,717,14.514000000000001,"[35, 14, 878]",1991-04-17
38142,5 Centimeters per Second,ja,7.4,1020,13.87,"[16, 18, 10749]",2007-03-03
15152,"OSS 117: Cairo, Nest of Spies",fr,7.4,932,10.554,"[28, 12, 35, 80]",2006-04-19
21484,Possession,fr,7.4,386,15.152000000000001,[27],1981-05-27
197082,Venus in Fur,fr,7.3,413,8.252,[18],2013-05-28
121875,In the House,fr,7.3,483,9.196,"[35, 18, 9648, 53]",2012-09-26
760,The Mad Adventures of Rabbi Jacob,fr,7.3,560,15.460999999999999,[35],1973-10-17
12207,The Legend of Drunken Master,cn,7.3,452,21.518,"[28, 35]",1994-02-03
8424,Love Me If You Dare,fr,7.3,1256,9.192,"[35, 18, 10749]",2003-09-17
70670,Headhunters,no,7.3,701,13.632,"[28, 80, 53]",2011-08-04
606954,Odio l'estate,it,7.3,200,9.31,[35],2020-01-30
179150,Reality,fr,7.3,255,7.5329999999999995,[35],2014-08-28
1791,The Piano Teacher,fr,7.3,496,13.978,"[18, 10749]",2001-07-21
498248,Mia and the White Lion,fr,7.3,433,15.827,"[12, 10751]",2018-12-26
21191,Sin Nombre,es,7.3,248,6.477,"[28, 80, 18, 53]",2009-03-20
17809,Fist of Legend,zh,7.3,226,11.505,[28],1994-12-22
246,Zatoichi,ja,7.3,441,12.030999999999999,"[12, 18, 28]",2003-09-06
13041,El Topo,es,7.3,283,8.118,"[28, 12, 18, 37]",1970-12-18
10795,Tell No One,fr,7.3,777,10.297,"[18, 53, 80, 9648]",2006-11-01
329819,Standing Tall,fr,7.3,327,6.202000000000001,[18],2015-05-13
515916,Girl,nl,7.3,350,7.105,[18],2018-09-27
9539,Martyrs,fr,7.3,1336,19.199,"[18, 27, 53]",2008-09-03
51241,Heartbeats,fr,7.3,620,8.982999999999999,"[18, 10749]",2010-05-16
146,"Crouching Tiger, Hidden Dragon",zh,7.3,1861,27.333000000000002,"[12, 18, 28, 10749]",2000-07-06
1254,"Don't Worry, I'm Fine",fr,7.3,381,9.588,[18],2006-09-06
9299,Thesis,es,7.3,360,7.301,"[27, 53]",1996-04-11
104,Run Lola Run,de,7.3,1247,15.865,"[28, 18, 53]",1998-08-20
15080,Only Yesterday,ja,7.3,428,16.605999999999998,"[16, 18, 10749]",1991-07-20
9589,Christiane F.,de,7.3,709,13.017999999999999,[18],1981-04-01
12481,The Big Boss,zh,7.3,337,18.067999999999998,[28],1971-10-02
436343,On Body and Soul,hu,7.3,278,10.071,"[18, 10749]",2017-03-02
44716,In a Better World,da,7.3,222,10.597000000000001,[18],2010-08-26
11101,Stalingrad,de,7.3,244,12.515999999999998,"[18, 36, 10752]",1993-01-21
520736,Loro 2,it,7.3,277,6.564,[18],2018-05-10
375315,The Salesman,fa,7.3,480,9.953,"[18, 53]",2016-06-24
2841,A Very Long Engagement,fr,7.3,692,12.892999999999999,"[18, 10749, 10752]",2004-10-26
6619,Death in Venice,it,7.3,202,8.256,[18],1971-03-01
11673,Cyrano de Bergerac,fr,7.3,375,7.735,"[35, 18, 36, 10749]",1990-01-01
3176,Battle Royale,ja,7.3,2010,17.759,"[12, 18, 53]",2000-12-16
209274,Ida,pl,7.3,543,9.972000000000001,[18],2013-10-25
23637,"Ciao, Professore!",it,7.3,249,6.921,[35],1992-10-01
9550,House of Flying Daggers,zh,7.3,870,17.737000000000002,"[28, 12, 18, 10749]",2004-05-19
176983,One Piece Film: Z,ja,7.3,206,11.905,"[28, 12, 16]",2012-12-15
25623,House,ja,7.3,242,10.77,"[35, 14, 27]",1977-08-26
112198,What's in a Name,fr,7.3,1065,8.745,"[35, 18]",2012-04-25
5590,Donkey Skin,fr,7.3,229,7.742000000000001,"[35, 18, 14, 10402, 10749]",1970-12-20
1433,The Devil's Backbone,es,7.3,624,10.853,"[18, 14, 27, 53]",2001-04-20
21348,Kirikou and the Sorceress,fr,7.3,725,10.033,"[12, 16, 14, 10751]",1998-12-09
486947,The Guilty,da,7.3,652,13.427,"[18, 80, 53]",2018-06-14
58857,13 Assassins,ja,7.3,593,10.583,"[28, 12, 18]",2010-09-09
191714,The Lunchbox,hi,7.3,386,5.859,"[18, 10749]",2013-09-20
65229,Tomboy,fr,7.3,359,8.658,[18],2011-04-20
53457,Sarah's Key,fr,7.3,464,8.551,"[18, 10752]",2010-09-16
45958,Biutiful,es,7.3,659,8.437999999999999,[18],2010-10-20
338189,It's Only the End of the World,fr,7.3,1032,9.247,[18],2016-08-26
63831,The Kid with a Bike,fr,7.3,231,7.649,[18],2011-05-18
436,Maria Full of Grace,es,7.3,205,7.474,"[18, 53, 80]",2004-01-18
9470,Kung Fu Hustle,cn,7.3,1463,20.869,"[28, 35, 80, 14]",2004-02-10
9474,My Name Is Nobody,it,7.3,504,14.749,"[35, 37]",1973-12-13
509364,By the Grace of God,fr,7.3,253,11.32,[18],2019-02-20
129112,Wadjda,ar,7.3,259,8.699,[18],2012-08-31
10772,Django,it,7.3,423,10.262,"[28, 37]",1966-04-05
25846,Baarìa,it,7.3,387,7.775,"[35, 18, 36, 10749]",2009-09-02
458,Sissi: The Young Empress,de,7.3,223,10.205,"[18, 35, 10749]",1956-12-01
293670,The Wailing,ko,7.3,723,12.062000000000001,"[27, 9648, 53]",2016-05-12
287495,Labyrinth of Lies,de,7.2,393,9.076,"[18, 36]",2014-09-06
844,2046,zh,7.2,417,10.868,"[18, 14, 878, 10749]",2004-05-20
20345,The Bird with the Crystal Plumage,it,7.2,323,12.387,"[27, 9648, 53]",1970-02-27
12289,Red Cliff,zh,7.2,418,14.856,"[28, 12, 18, 10752]",2008-07-10
15283,Pom Poko,ja,7.2,453,15.708,"[12, 16, 14]",1994-07-16
34433,Dragon Ball Z: Broly – The Legendary Super Saiyan,ja,7.2,444,28.098000000000003,"[16, 12, 10751, 878]",1993-03-06
48254,Ovosodo,it,7.2,212,5.593,"[35, 18]",1997-09-12
97365,Rust and Bone,fr,7.2,879,10.546,"[18, 10749]",2012-05-17
67884,Chinese Take-Out,es,7.2,225,6.013999999999999,[35],2011-03-24
15370,The Cat Returns,ja,7.2,925,21.378,"[12, 16, 18, 14, 10751]",2002-07-19
501633,Invisibles,fr,7.2,236,7.567,[35],2019-01-09
381356,Five,fr,7.2,631,7.14,[35],2016-03-30
11230,Drunken Master,cn,7.2,414,17.343,"[28, 35]",1978-10-05
19597,The Hedgehog,fr,7.2,222,7.732,"[35, 18]",2009-07-03
110398,No,es,7.2,257,6.732,"[18, 36]",2012-08-07
15067,"The Good, The Bad, The Weird",ko,7.2,384,12.207,"[28, 12, 35, 37]",2008-07-16
507569,The Seven Deadly Sins: Prisoners of the Sky,ja,7.2,420,3.137,"[28, 12, 16, 14]",2018-08-18
9078,The Sword in the Stone,de,7.2,2448,23.39,"[16, 10751]",1963-12-25
399121,An Officer and a Spy,fr,7.2,485,34.81,"[18, 36, 53]",2019-09-30
38810,Dogtooth,el,7.2,962,16.891,[18],2009-06-01
254201,The Absent One,da,7.2,328,15.14,"[80, 18, 9648, 53]",2014-10-02
5488,"I'm a Cyborg, But That's OK",ko,7.2,250,8.843,"[35, 18, 10749]",2006-12-07
113082,Berserk: The Golden Age Arc I - The Egg of the King,ja,7.2,227,9.747,"[28, 12, 16, 14]",2012-02-03
336050,Son of Saul,hu,7.2,622,9.617,"[10752, 18, 53]",2015-06-11
62215,Melancholia,da,7.2,1966,19.081,"[18, 878]",2011-05-26
196024,The Keeper of Lost Causes,da,7.2,392,12.797,"[80, 9648, 53]",2013-10-03
570131,Love at Second Sight,fr,7.2,314,12.132,"[35, 18, 14, 10749]",2019-04-03
10722,The Day of the Beast,es,7.2,247,9.597999999999999,"[28, 35, 27, 80]",1995-10-20
979,Irreversible,fr,7.2,1298,21.575,"[18, 53, 80, 9648]",2002-05-22
8088,Broken Embraces,es,7.2,363,8.281,"[18, 53, 10749]",2009-03-01
761,The Wing or the Thigh,fr,7.2,458,10.77,[35],1976-10-27
25205,The Concert,fr,7.2,295,8.008,"[35, 18]",2009-11-04
9322,La Femme Nikita,fr,7.2,1099,10.074,"[28, 53]",1990-02-21
2117,Sophie Scholl: The Final Days,de,7.2,248,5.712999999999999,"[18, 36]",2005-02-13
6537,The Orphanage,es,7.2,1553,15.923,"[18, 27, 53]",2007-05-20
172106,Jappeloup,fr,7.2,268,6.847,[18],2013-03-13
48034,Little White Lies,fr,7.2,1014,8.949,"[35, 18]",2010-10-20
11634,Show Me Love,sv,7.2,243,7.252999999999999,"[35, 10749, 18]",1998-10-23
475215,Mirai,ja,7.2,285,11.296,"[16, 14, 10751]",2018-07-20
10975,Operation Condor,cn,7.2,228,13.84,"[28, 12, 80, 53]",1991-02-07
323661,Mune: Guardian of the Moon,fr,7.2,304,13.385,"[12, 16, 35, 14, 10751]",2015-02-05
15588,OSS 117: Lost in Rio,fr,7.2,785,9.032,"[28, 12, 35, 80]",2009-04-14
25300,I'm Not Scared,it,7.1,667,7.486000000000001,"[80, 18, 9648, 53]",2003-02-08
1555,The Spanish Apartment,fr,7.2,633,9.664,"[35, 18, 10749]",2002-05-17
445,Caché,fr,7.2,518,9.066,"[18, 9648, 53]",2005-10-05
11687,The Visitors,fr,7.1,1155,13.013,"[35, 14]",1993-01-27
279229,Sapphire Blue,de,7.1,708,17.789,"[14, 878, 10749]",2014-08-14
39323,Dragon Ball Z: Bardock - The Father of Goku,ja,7.1,236,13.64,"[28, 16, 18, 878]",1990-10-17
329805,My King,fr,7.1,428,7.626,"[18, 10749]",2015-10-21
366564,Comment c'est Loin,fr,7.1,490,5.38,[35],2015-12-09
22302,Polytechnique,fr,7.1,293,6.129,"[80, 18]",2009-01-24
270400,Breathe,fr,7.1,344,6.011,[18],2014-09-04
80184,The Hidden Face,es,7.1,479,46.426,"[9648, 53]",2011-09-16
206563,Trash,pt,7.1,392,8.402999999999999,"[12, 80, 18, 53]",2014-10-09
452187,Le Brio,fr,7.1,555,8.191,"[35, 18]",2017-11-22
267,Live Flesh,es,7.1,263,9.436,"[18, 53, 10749]",1997-10-28
468198,The Place,it,7.1,651,9.968,"[18, 9648, 53]",2017-11-04
10102,La Grande Bouffe,fr,7.1,227,7.695,"[35, 18]",1973-05-16
152584,Blue Is the Warmest Color,fr,7.1,2794,15.158,"[10749, 18]",2013-10-09
10986,The Taming of the Scoundrel,it,7.1,261,22.58,[35],1980-12-20
365045,Heidi,de,7.1,224,12.334000000000001,"[12, 10751]",2015-12-10
248933,The Dark Valley,de,7.1,203,6.6370000000000005,[18],2014-02-13
37767,Fun Is Beautiful,it,7.1,202,5.771,[35],1980-01-19
413518,Pinocchio,it,7.1,333,66.80199999999999,"[14, 10751]",2019-12-19
10867,Malena,it,7.1,844,23.866999999999997,[18],2000-10-27
619264,The Platform,es,7.1,2224,132.806,"[18, 878]",2019-11-08
659,The Tin Drum,de,7.1,200,12.519,"[18, 36, 10752]",1979-05-02
9696,Ichi the Killer,ja,7.1,473,13.442,"[28, 80, 27]",2001-12-22
197950,The Connection,fr,7.1,471,8.312999999999999,"[28, 80, 53]",2014-12-03
507076,Climax,fr,7.1,777,16.43,"[18, 27, 10402]",2018-09-19
374475,Toni Erdmann,de,7.1,574,9.466000000000001,"[35, 18]",2016-07-14
236735,Marshland,es,7.1,547,9.988,[53],2014-09-25
429191,A Fantastic Woman,es,7.1,414,9.331,[18],2017-04-06
22536,Thirst,ko,7.1,407,11.675,"[18, 27, 53]",2009-04-30
8329,[REC],es,7.1,2367,18.778,"[27, 9648]",2007-04-10
79707,Children Who Chase Lost Voices,ja,7.1,337,12.203,"[12, 16, 18, 14]",2011-05-07
1643,Last Tango in Paris,it,7.1,655,14.367,"[18, 10749]",1972-10-14
390497,Tunnel,ko,7.1,214,10.294,"[28, 18, 53]",2016-08-10
233063,Suck Me Shakespeer,de,7.1,1201,19.46,[35],2013-11-07
62204,Quest for Fire,fr,7.1,253,8.562999999999999,"[12, 18]",1981-12-15
430447,Mary and the Witch's Flower,ja,7.1,418,10.127,"[12, 16, 14]",2017-07-08
438740,Salyut-7,ru,7.1,200,12.17,"[28, 18, 12]",2017-09-22
4552,A Tale of Two Sisters,ko,7.1,528,29.533,"[18, 27, 9648]",2003-06-13
11447,The Son's Room,it,7.1,219,6.899,[18],2001-03-09
103328,Holy Motors,fr,7.1,578,7.775,"[18, 14]",2012-07-02
2671,Ringu,ja,7.1,651,11.380999999999998,"[27, 53]",1998-01-31
360365,Tini: The New Life of Violetta,el,7.1,232,12.0,"[35, 18, 10402]",2016-05-04
38397,"The Legend of Al, John and Jack",it,7.1,777,7.131,[35],2002-01-01
4588,"Lust, Caution",zh,7.1,309,21.624000000000002,"[28, 18, 10749, 53]",2007-09-28
39108,Dragon Ball Z: Wrath of the Dragon,ja,7.1,350,18.538,"[28, 16, 14, 878]",1995-07-15
504603,The World Is Yours,fr,7.1,235,8.217,"[35, 80]",2018-08-15
96714,Diaz - Don't Clean Up This Blood,it,7.1,211,7.619,[18],2012-04-13
4727,The Gendarme of St. Tropez,fr,7.1,467,15.665999999999999,[35],1964-09-08
21588,Cemetery Man,it,7.1,246,8.852,"[14, 18, 27, 35]",1994-03-25
393519,Raw,fr,7.1,1691,14.59,"[18, 27, 9648]",2016-11-11
325690,The Legendary Giulia and Other Miracles,it,7.1,332,5.867000000000001,[35],2015-02-19
56020,Radio Arrow,it,7.1,227,5.516,"[35, 18, 10402]",1998-10-16
19123,Knock on Wood,fr,7.1,301,8.082,"[12, 35, 80]",1981-03-01
401898,Thelma,no,7.1,456,10.987,"[18, 9648, 53]",2017-09-15
332872,Julieta,es,7.0,552,8.036,"[18, 10749]",2016-04-08
436931,Pokémon the Movie: I Choose You!,ja,7.0,360,9.965,"[12, 16, 35, 18, 14, 10751]",2017-07-15
22826,The Monster,it,7.0,370,7.896,[35],1994-10-22
50472,Anplagghed al cinema,it,7.0,251,5.417999999999999,[],2006-11-26
33613,The Girl Who Kicked the Hornet's Nest,sv,7.0,821,12.913,"[28, 80, 9648, 53]",2009-11-27
1553,The Beat That My Heart Skipped,fr,7.0,236,7.276,"[80, 18, 10402]",2005-03-16
6968,The Baader Meinhof Complex,de,7.0,308,8.573,"[28, 80, 18, 36, 53]",2008-09-24
14139,Timecrimes,es,7.0,625,9.297,"[878, 53]",2007-10-05
348668,A Conspiracy of Faith,da,7.0,296,13.532,"[80, 18, 9648, 53]",2016-03-03
397538,Borg vs McEnroe,sv,7.0,720,12.667,"[18, 36]",2017-09-06
8072,Alphaville,fr,7.0,233,10.236,"[18, 9648, 878]",1965-05-05
37653,The Three Brothers,fr,7.0,411,6.902,[35],1995-12-13
11075,Audition,ja,7.0,754,13.064,"[18, 27, 9648, 53]",2000-03-03
327,Brother,ja,7.0,200,9.715,"[80, 18, 53]",2000-09-09
10753,Police Story 2,cn,7.0,221,14.932,"[28, 80, 53]",1988-08-13
73532,Le Havre,fr,7.0,202,7.671,"[35, 18]",2011-09-08
314402,Dheepan,fr,7.0,280,8.705,"[80, 18]",2015-08-26
9316,Ong Bak: Muay Thai Warrior,th,7.0,957,12.367,"[28, 53]",2003-01-21
85739,ACAB : All Cops Are Bastards,it,7.0,523,9.618,"[28, 18, 80]",2012-01-27
24253,The Girl Who Played with Fire,sv,7.0,1016,13.974,"[28, 80, 18, 9648, 53]",2009-09-18
484482,Sink or Swim,fr,7.0,907,10.482000000000001,"[35, 18]",2018-10-24
658760,Isi & Ossi,de,7.0,386,19.938,"[35, 10749]",2020-02-14
300,The Science of Sleep,fr,7.0,437,8.48,"[35, 18, 14]",2006-02-11
9606,Metropolis,ja,7.0,220,9.965,"[16, 878]",2001-05-26
350312,Baahubali 2: The Conclusion,te,7.0,289,11.793,"[28, 18]",2017-04-27
322125,A Perfect Man,fr,7.0,395,5.904,"[18, 53]",2015-03-18
425703,Come diventare grandi nonostante i genitori,it,7.0,201,5.6160000000000005,[35],2016-11-23
252822,In Order of Disappearance,no,7.0,308,10.347999999999999,"[28, 35, 80, 53]",2014-02-21
77495,Sleep Tight,es,7.0,493,9.184,"[53, 27]",2011-10-14
11367,Odds and Evens,it,7.0,213,0.6,"[35, 80]",1978-10-28
19204,The Beyond,it,7.0,266,7.831,[27],1981-04-22
423646,In the Fade,de,7.0,467,11.08,"[80, 18]",2017-11-23
432087,Back to Burgundy,fr,7.0,255,10.468,"[35, 18]",2017-06-14
265228,Timbuktu,fr,7.0,294,6.171,[18],2014-12-10
9929,Asterix and Cleopatra,fr,7.0,527,20.997,"[12, 16, 35, 10751]",1968-12-16
334304,Belle and Sebastian: The Adventure Continues,fr,7.0,218,9.133,"[12, 10751]",2015-12-07
449992,The Night Comes for Us,id,7.0,297,12.28,"[28, 80, 53]",2018-10-05
1958,8 Women,fr,7.0,509,9.183,"[35, 80, 10402, 9648, 53]",2002-01-08
542830,Little White Lies 2,fr,7.0,396,11.96,"[35, 18]",2019-05-01
337556,Emerald Green,de,7.0,608,15.15,"[12, 18, 14, 878, 10749]",2016-07-07
58522,Boris - Il film,it,7.0,263,5.772,[35],2011-04-01
22373,Saturn in Opposition,it,7.0,226,7.104,[18],2007-02-23
166666,3096 Days,de,7.0,283,8.945,"[80, 18]",2013-02-21
396263,Gantz:O,ja,7.0,276,10.82,"[28, 16, 878]",2016-10-14
41428,Tetsuo: The Iron Man,ja,7.0,247,10.769,"[27, 878]",1989-07-01
11636,New Police Story,cn,7.0,314,12.78,"[28, 80, 18, 53]",2004-09-23
17111,Shutter,th,7.0,414,7.664,"[14, 27, 9648, 53]",2004-09-09
8841,The Class,fr,7.0,378,6.997000000000001,[18],2008-09-24
11689,Crime Busters,it,7.0,349,12.437000000000001,"[28, 35]",1977-04-01
320006,Taxi,fa,7.0,216,6.289,"[35, 18]",2015-04-15
2469,Tie Me Up! Tie Me Down!,es,7.0,270,10.855,"[35, 80, 18, 10749]",1989-12-12
341744,Truman,es,7.0,218,7.912000000000001,"[35, 18]",2015-10-30
204436,Jack and the Cuckoo-Clock Heart,fr,7.0,381,8.693999999999999,"[12, 16, 18, 14, 10749]",2014-02-05
11616,Go for It,it,6.9,264,12.130999999999998,"[28, 12, 35]",1983-02-01
204668,Belle and Sebastian,fr,6.9,410,8.463,[12],2013-12-18
527729,Asterix: The Secret of the Magic Potion,fr,6.9,679,25.307,"[16, 10751, 35, 12]",2018-05-12
437033,Toc Toc,es,6.9,574,10.215,[35],2017-09-01
2061,Pusher,da,6.9,352,9.51,"[28, 80, 18, 53]",1996-08-30
30508,Berlin Calling,de,6.9,204,8.974,"[35, 18, 10402]",2008-10-01
175774,Ruby Red,de,6.9,810,11.106,"[12, 18, 14, 878, 10751]",2013-03-14
426338,Holy Camp!,es,6.9,237,6.942,"[35, 10749]",2017-09-29
8697,Who Am I?,cn,6.9,375,15.253,"[28, 12, 35, 53]",1998-01-17
8833,Double Trouble,it,6.9,293,11.979000000000001,"[28, 35]",1984-10-19
304410,The Bélier Family,fr,6.9,1680,9.439,"[35, 10402]",2014-12-17
6399,A Friend Is a Treasure,it,6.9,351,10.890999999999998,"[28, 12, 35]",1981-12-09
7291,36th Precinct,fr,6.9,276,9.253,"[80, 18, 53]",2004-11-24
60670,The Crimson Rivers,fr,6.9,813,15.534,"[80, 9648, 53]",2000-09-26
38366,The Cyclone,it,6.9,469,7.791,"[10749, 18, 35]",1996-01-01
377154,Being 17,fr,6.9,218,8.051,[18],2016-02-27
8882,Gomorrah,it,6.9,691,11.943,"[80, 18]",2008-05-16
377799,One Man and his Cow,fr,6.9,204,5.104,"[35, 18]",2016-02-17
186161,The Gilded Cage,fr,6.9,205,4.732,[35],2013-04-19
184352,Tom at the Farm,fr,6.9,449,9.016,"[18, 53, 9648]",2013-09-02
8366,Manitou's Shoe,de,6.9,282,10.379000000000001,"[35, 37]",2001-07-11
17845,Loft,nl,6.9,211,10.562000000000001,"[18, 9648, 53, 10749]",2008-10-21
12089,The Tall Blond Man with One Black Shoe,fr,6.9,209,10.995,"[35, 9648]",1972-12-06
528949,The Photographer of Mauthausen,es,6.9,322,12.109000000000002,"[53, 36, 18]",2018-10-26
332794,The Odyssey,fr,6.9,271,7.485,"[12, 18]",2016-10-12
31175,Soul Kitchen,de,6.9,266,9.902999999999999,"[35, 18]",2009-09-09
1255,The Host,ko,6.9,1321,21.884,"[18, 27, 878]",2006-07-27
310593,Youth,it,6.9,1295,12.077,"[35, 18]",2015-05-20
582873,Martin Eden,it,6.9,218,9.915,"[18, 10749]",2019-09-04
109689,I Want You,es,6.9,810,18.022000000000002,"[18, 10749]",2012-06-22
16007,Death Note,ja,6.9,328,6.36,"[14, 9648, 53]",2006-06-17
79108,Starbuck,fr,6.9,291,7.064,[35],2011-01-01
574436,Piranhas,it,6.9,269,12.776,"[80, 18]",2019-02-14
221902,"Two Days, One Night",fr,6.9,578,8.793,[18],2014-05-21
29702,Tenebre,it,6.9,259,9.924,"[27, 9648, 53]",1982-10-28
427348,Carbone,fr,6.9,215,9.016,"[80, 53]",2017-11-01
283704,Leopardi,it,6.9,473,5.829,"[18, 36]",2014-10-16
369778,Chocolat,fr,6.9,498,5.747999999999999,"[35, 18]",2016-02-03
8982,The Protector,th,6.9,340,11.384,"[28, 80, 18, 53]",2005-08-11
262551,Babysitting,fr,6.9,1351,9.298,[35],2014-04-16
390669,One Kiss,it,6.9,214,5.835,"[35, 10749]",2016-03-31
110390,A Pigeon Sat on a Branch Reflecting on Existence,sv,6.8,233,6.987,"[35, 18]",2014-10-24
647,Final Fantasy VII: Advent Children,ja,6.8,546,28.718000000000004,"[28, 12, 16, 14, 878]",2005-07-14
37768,Borotalco,it,6.8,235,5.85,[35],1982-01-22
432068,C'est la vie!,fr,6.8,872,16.703,[35],2017-10-04
61667,We Have a Pope,it,6.8,294,10.591,"[35, 18]",2011-04-15
351145,Retribution,es,6.8,270,10.296,"[53, 18]",2015-09-21
435707,Skins,es,6.8,263,6.688,"[35, 18]",2017-04-15
140870,Minuscule: Valley of the Lost Ants,fr,6.8,225,11.581,"[12, 16, 10751]",2013-11-17
10846,The Tiger and the Snow,it,6.8,317,8.012,"[35, 18, 10749]",2005-10-14
417670,Loro 1,it,6.8,393,7.096,[18],2018-04-24
48769,Papy fait de la résistance,fr,6.8,213,7.827999999999999,"[35, 10752]",1983-10-26
2266,"Paris, Je T'Aime",fr,6.8,434,11.114,"[18, 10749]",2006-05-16
10228,Pokémon: The First Movie - Mewtwo Strikes Back,ja,6.8,857,12.565,"[16, 12, 28]",1998-07-18
374416,Where Am I Going?,it,6.8,1544,11.338,[35],2016-01-01
10974,Armour of God,cn,6.8,231,15.427999999999999,"[28, 12, 35]",1986-08-16
265189,Force Majeure,sv,6.8,488,9.158999999999999,[18],2014-08-15
170522,Asterix: The Mansions of the Gods,fr,6.8,839,16.544,"[12, 16, 35, 10751]",2014-11-26
513347,Flavors of Youth,zh,6.8,306,9.832,"[16, 18, 10749]",2018-08-04
365222,Ip Man 3,cn,6.8,855,20.171,"[28, 18, 36]",2015-12-19
110415,Snowpiercer,ko,6.8,5753,33.001,"[28, 18, 878]",2013-08-01
145247,The 100 Year-Old Man Who Climbed Out the Window and Disappeared,sv,6.8,566,12.609000000000002,"[12, 35, 18]",2013-12-25
421447,The Climb,fr,6.8,491,8.936,"[35, 10749, 12]",2017-01-25
2462,Hibernatus,fr,6.8,238,10.927,"[35, 878]",1969-09-10
437109,The Villainess,ko,6.8,273,11.294,"[28, 18]",2017-06-08
318917,Look Who's Back,de,6.8,1197,11.502,[35],2015-10-08
261102,The Club of the Misunderstood,es,6.8,295,7.483,"[35, 18, 14, 10749]",2014-12-25
39105,Dragon Ball Z: Bojack Unbound,ja,6.8,269,19.953,"[28, 16, 878]",1993-07-10
254578,Phoenix,de,6.8,235,8.612,[18],2014-09-25
13312,Inside,fr,6.8,383,8.692,[27],2007-06-13
262391,Serial (Bad) Weddings,fr,6.8,2486,20.616,[35],2014-04-16
8736,Dikkenek,fr,6.8,405,8.014,[35],2006-06-21
250235,Blame Freud,it,6.8,712,7.938,[35],2014-01-23
1826,Russian Dolls,fr,6.8,380,8.009,"[35, 18, 10749]",2005-06-15
416194,The Quake,no,6.8,244,14.872,"[28, 53]",2018-08-31
11156,Coco Before Chanel,fr,6.8,561,8.347999999999999,"[18, 36]",2009-04-22
390734,Kingsglaive: Final Fantasy XV,ja,6.8,397,16.657,"[28, 16, 878]",2016-07-09
11770,Shaolin Soccer,cn,6.8,1081,21.009,"[28, 35]",2001-07-12
445793,Husband & Wife,it,6.8,220,6.654,[35],2017-04-13
303857,Dragon Ball Z: Resurrection 'F',ja,6.8,811,16.769000000000002,"[28, 12, 16, 14]",2015-04-18
37777,Soap and Water,it,6.8,201,8.163,[35],1983-10-27
48175,7 and 8,it,6.8,462,6.497000000000001,[35],2007-03-16
16395,Inferno,it,6.8,285,7.81,"[27, 53]",1980-02-07
1721,All the Way Boys,it,6.8,212,9.193,"[28, 12, 35]",1972-12-22
13672,JCVD,fr,6.8,274,6.122999999999999,"[28, 35, 80, 18]",2008-06-04
393764,The African Doctor,fr,6.8,345,8.576,"[35, 18]",2016-06-08
468202,The Girl in the Fog,it,6.8,522,11.751,"[80, 9648, 53]",2017-10-26
2016,Days of Glory,fr,6.8,224,7.186,"[18, 36, 10752]",2006-09-27
12924,The Place Promised in Our Early Days,ja,6.8,281,12.059000000000001,"[12, 16, 18, 878, 10749]",2004-11-20
394684,May God Save Us,es,6.8,234,7.007000000000001,"[28, 80, 53]",2016-10-28
12246,Mongol: The Rise of Genghis Khan,ru,6.8,324,12.179,"[28, 12, 36, 10752]",2007-09-20
4271,Life Is a Long Quiet River,fr,6.8,235,7.371,[35],1988-02-03
474331,Keep an Eye Out,fr,6.8,310,8.078,[35],2018-07-04
463858,The Freshmen,fr,6.8,461,8.162,"[35, 18]",2018-09-12
190880,"Me, Myself and Mum",fr,6.8,474,7.671,[35],2013-11-20
16140,Death Note: The Last Name,ja,6.8,230,8.272,"[14, 9648, 53]",2006-10-28
46332,Of Gods and Men,fr,6.8,209,6.858,"[18, 36]",2010-05-18
53957,La matassa,it,6.8,326,6.466,[35],2009-03-13
11227,Angel-A,fr,6.7,371,6.171,"[35, 18, 14, 10749]",2005-12-21
7229,Ruby & Quentin,fr,6.7,446,10.273,"[35, 80]",2003-10-22
231176,Sole a catinelle,it,6.7,1215,11.41,[35],2013-10-31
113160,My First Time,fr,6.7,463,6.659,"[18, 10749]",2012-01-18
348765,Alaska,it,6.7,208,6.647,[18],2015-11-05
38285,Il Ragazzo di Campagna,it,6.7,248,5.979,[35],1984-01-01
315011,Shin Godzilla,ja,6.7,431,13.314,"[28, 878, 27]",2016-07-29
48492,Detective Dee and the Mystery of the Phantom Flame,cn,6.7,211,14.186,"[28, 12, 18, 9648]",2010-09-18
57243,The Women on the 6th Floor,fr,6.7,219,5.5889999999999995,[35],2010-12-20
48415,Welcome to the South,it,6.7,1294,9.453,[35],2010-10-01
10226,High Tension,fr,6.7,656,10.218,"[27, 9648, 53]",2003-06-18
12205,Dark Water,ja,6.7,280,7.968,"[27, 9648, 53]",2002-01-19
56812,The Last Circus,es,6.7,225,8.323,"[28, 18, 53]",2010-12-17
517839,Border,sv,6.7,383,12.042,"[18, 80, 14]",2018-09-27
360638,The Student and Mister Henri,fr,6.7,253,11.892000000000001,"[35, 18]",2015-10-07
43645,The Little Devil,it,6.7,254,6.624,"[35, 14, 10749]",1988-07-01
44249,The Legend Is Born: Ip Man,cn,6.7,377,3.0260000000000002,"[28, 18, 36]",2010-06-24
11340,Banana Joe,it,6.7,264,19.320999999999998,"[28, 35]",1982-03-24
57112,Tu la conosci Claudia?,it,6.7,701,8.618,[35],2004-12-15
9789,My Brother Is an Only Child,it,6.7,240,4.843999999999999,[35],2007-04-20
35554,Cado dalle nubi,it,6.7,1162,8.363999999999999,[35],2009-11-27
8265,Welcome to the Sticks,fr,6.7,1629,19.307000000000002,"[35, 18, 10749]",2008-01-09
52274,Julia's Eyes,es,6.7,483,8.232000000000001,"[27, 53]",2010-10-29
1494,Curse of the Golden Flower,zh,6.7,403,15.187000000000001,"[28, 18, 14]",2006-12-21
9318,Asterix in Britain,fr,6.7,367,9.991,"[12, 16, 35, 10751]",1986-12-03
532938,The Shiny Shrimps,fr,6.7,201,9.915,[35],2019-05-08
245775,Yves Saint Laurent,fr,6.7,527,7.391,[18],2014-01-08
435126,Perfect Strangers,es,6.7,406,9.244,"[18, 35]",2017-12-01
19548,The Restaurant,fr,6.7,253,10.956,[35],1966-09-09
11183,French Fried Vacation,fr,6.7,553,10.487,[35],1978-11-01
39103,Dragon Ball Z: The Return of Cooler,ja,6.7,295,15.283,"[28, 16]",1992-03-07
236737,Spanish Affair,es,6.7,403,8.482999999999999,"[35, 10749]",2014-03-14
11134,Police Story 3: Super Cop,cn,6.7,218,14.475,"[28, 80, 53]",1992-07-04
9031,I'm for the Hippopotamus,it,6.7,278,13.232999999999999,"[28, 12, 35]",1979-11-30
1871,Fantomas,fr,6.7,385,11.519,"[12, 35, 80, 14]",1964-11-04
10347,Dobermann,fr,6.7,257,8.477,"[28, 80]",1997-06-18
469274,City Hunter,fr,6.7,458,10.355,"[12, 35]",2018-12-15
33542,Rumble in the Bronx,cn,6.7,498,13.636,"[28, 35, 80, 53]",1995-01-30
24752,Dragon Ball Z: Cooler's Revenge,ja,6.7,308,17.334,"[28, 16, 12]",1991-07-20
1875,Fantomas vs. Scotland Yard,fr,6.7,266,10.638,"[12, 35, 80, 14]",1967-03-16
337674,Elle,fr,6.7,1159,12.466,"[18, 53]",2016-05-25
458534,Rolling to You,fr,6.7,492,13.76,"[35, 10749]",2018-03-14
46146,Troll Hunter,nb,6.7,905,11.065999999999999,"[14, 27]",2010-10-29
11838,Ju-on: The Grudge,ja,6.7,372,8.726,[27],2002-10-18
411638,The Fury of a Patient Man,es,6.7,270,7.84,[53],2016-09-09
428495,The Nile Hilton Incident,sv,6.6,204,6.16,"[18, 53]",2017-07-12
241842,Dead Snow 2: Red vs. Dead,no,6.6,360,10.36,"[28, 35, 27]",2014-02-12
9367,El Mariachi,es,6.6,529,9.972999999999999,"[28, 80, 53]",1992-09-04
1364,Sex and Lucía,es,6.6,272,12.273,"[18, 10749]",2001-08-24
126963,Dragon Ball Z: Battle of Gods,ja,6.6,844,19.333,"[28, 16]",2013-03-30
352161,The Clan,es,6.6,246,7.671,"[80, 18, 36, 53]",2015-08-13
469056,A New Girl In Paris!,fr,6.6,217,8.601,[35],2018-07-04
41663,Fantozzi Against the Wind,it,6.6,315,5.782,[35],1980-11-20
284303,Goodnight Mommy,de,6.6,724,6.635,"[18, 27, 53]",2014-08-29
136403,Populaire,fr,6.6,361,5.987,"[35, 10749]",2012-11-27
11655,Cronos,es,6.6,289,9.304,"[18, 27, 53]",1993-11-05
2882,Hunting and Gathering,fr,6.6,255,7.005,"[18, 10749]",2007-02-10
10045,District B13,fr,6.6,1077,12.602,"[28, 878, 53]",2004-11-09
39104,Dragon Ball Z: Super Android 13!,ja,6.6,258,13.98,"[28, 16, 878]",1992-07-11
6312,Brotherhood of the Wolf,fr,6.6,816,15.663,"[28, 12, 36, 27]",2001-01-31
575100,10 Days without Mamma,it,6.6,217,8.402000000000001,[35],2019-02-07
12599,Pokémon: The Movie 2000,ja,6.6,481,12.55,"[12, 16, 14, 878, 10751]",1999-07-17
41211,Heartbreaker,fr,6.6,874,11.129000000000001,"[35, 10749]",2010-03-17
37933,Tales from Earthsea,ja,6.6,695,18.597,"[12, 16, 14, 878]",2006-07-29
484641,Anna,fr,6.6,995,26.99,"[28, 53]",2019-06-19
452,The Idiots,da,6.6,265,18.238,"[35, 18]",1998-04-28
315872,Mia madre,it,6.6,223,7.152,[18],2015-04-16
5139,The Fox and the Child,fr,6.6,247,6.898,"[12, 10751]",2007-12-27
25676,Rob-B-Hood,cn,6.6,235,9.198,"[28, 35, 18]",2006-09-28
8827,99 francs,fr,6.6,470,7.901,"[35, 18]",2007-09-26
10995,The Lover,fr,6.6,266,11.147,"[18, 10749]",1992-02-22
1870,Fantomas Unleashed,fr,6.6,254,9.94,"[12, 35, 80, 14]",1965-12-07
435921,It’s the Law,it,6.6,562,6.784,[35],2017-01-19
400136,Resident Evil: Vendetta,ja,6.6,461,15.255999999999998,"[28, 12, 16, 27, 9648, 878]",2017-05-27
27936,Micmacs,fr,6.6,315,7.825,"[28, 35, 80]",2009-10-28
420426,Bleach,ja,6.6,301,9.946,"[28, 12, 14]",2018-07-20
330764,The Brand New Testament,fr,6.6,916,9.447000000000001,"[35, 18, 14]",2015-09-02
206408,Chinese Puzzle,fr,6.6,442,7.398,"[35, 18, 10749]",2013-12-04
61404,Point Blank,fr,6.6,265,9.582,"[28, 53, 80]",2010-11-08
166,The Party,fr,6.6,697,11.555,"[35, 18, 10749, 10751]",1980-01-01
77459,A Monster in Paris,fr,6.6,696,8.539,"[12, 16, 35, 14, 10751]",2011-10-12
49367,Two Sons of Francisco,pt,6.6,209,6.468,"[18, 36]",2005-08-19
5595,Fermat's Room,es,6.6,200,9.548,"[9648, 53]",2007-10-07
2330,Taxi,fr,6.6,1409,18.369,"[28, 35]",1998-04-04
487476,Nothing to Hide,fr,6.6,869,14.834000000000001,"[35, 18]",2018-10-17
7219,Zombie Flesh Eaters,it,6.6,289,7.412000000000001,[27],1979-08-25
369230,Them who?,it,6.6,267,5.645,[35],2015-11-19
14029,Demons,it,6.6,251,7.824,[27],1985-10-04
74513,Special Forces,fr,6.6,262,8.746,"[28, 18, 10752]",2011-11-02
426284,Blade of the Immortal,ja,6.6,250,11.53,"[28, 18]",2017-04-29
44251,Dragon Ball Z: Broly – Second Coming,ja,6.6,342,23.454,"[28, 16, 878]",1994-03-12
336882,The Wave,no,6.6,697,13.145999999999999,"[28, 18, 53]",2015-08-28
10656,Subway,fr,6.6,200,8.434,"[28, 53]",1985-04-10
398929,Alibi.com,fr,6.6,1166,9.32,[35],2017-02-15
449924,Ip Man 4: The Finale,cn,6.5,512,40.376,"[28, 18, 36]",2019-12-19
39371,L'allenatore nel pallone,it,6.5,229,5.755,[35],1984-10-26
583268,"Someone, Somewhere",fr,6.5,205,13.169,"[35, 18, 10749]",2019-09-11
369781,Amis publics,fr,6.5,279,6.4270000000000005,[35],2016-02-17
21861,LOL (Laughing Out Loud),fr,6.5,904,9.609,[35],2008-06-06
513574,Battle,no,6.5,507,9.573,"[18, 10402, 10749]",2018-09-28
10389,The Eye,cn,6.5,223,6.437,[27],2002-05-09
270343,Love at First Fight,fr,6.5,300,8.104,"[35, 10749]",2014-08-20
53319,What a Beautiful Day,it,6.5,1109,8.969,[35],2011-01-05
492282,Like a Cat on a Highway,it,6.5,557,7.718,"[10751, 35]",2017-12-28
401545,Everybody Knows,es,6.5,565,8.777000000000001,[18],2018-05-09
12720,Suicide Club,ja,6.5,231,9.746,"[18, 27, 53]",2001-10-29
334878,Blind Date,fr,6.5,378,6.749,"[35, 18, 10749]",2015-05-06
159121,Paulette,fr,6.5,266,7.8,"[35, 80]",2013-01-16
408033,Tamara,fr,6.5,519,7.989,[35],2016-10-26
10484,The ComDads,fr,6.5,209,21.225,[35],1983-11-23
192577,Space Pirate Captain Harlock,ja,6.5,659,11.469000000000001,"[16, 878]",2013-09-07
5879,In the Realm of the Senses,ja,6.5,227,15.378,"[18, 10749]",1976-05-15
375012,Under the Shadow,fa,6.5,359,10.902000000000001,"[18, 27, 53, 10752]",2016-10-07
290864,Kung Fu Jungle,cn,6.5,202,11.882,"[80, 28, 53]",2014-10-31
60175,The Under-Gifted,fr,6.5,263,7.893,[35],1980-04-30
44865,The Grandmaster,zh,6.5,441,11.422,"[28, 18, 36]",2013-01-10
335051,God Willing,it,6.5,399,6.794,[35],2015-04-09
37645,22 Bullets,fr,6.5,604,15.402999999999999,"[28, 80, 53]",2010-03-23
10664,[REC]²,es,6.5,1110,19.205,"[27, 53]",2009-09-15
329263,Suck Me Shakespeer 2,de,6.5,636,8.058,[35],2015-09-10
42892,Happy Family,it,6.5,199,5.329,[35],2010-03-26
271724,Hippocrates,fr,6.5,292,6.011,[18],2014-09-03
171,The Party 2,fr,6.5,395,9.551,"[35, 18, 10749]",1982-12-08
269650,Appleseed Alpha,ja,6.5,206,9.156,"[28, 16, 878]",2014-05-28
4729,The Gendarme Gets Married,fr,6.5,304,10.777999999999999,[35],1968-10-30
28609,Dragon Ball Z: Dead Zone,ja,6.5,285,15.38,"[28, 16]",1989-07-15
33365,The Night Before the Exams,it,6.5,761,10.103,[35],2006-02-17
5336,"Salò, or the 120 Days of Sodom",it,6.5,848,23.607,"[18, 27, 10752]",1975-11-22
15449,La Tour Montparnasse Infernale,fr,6.4,489,7.992000000000001,[35],2001-03-28
10295,Miami Supercops,it,6.4,227,10.752,"[28, 35]",1985-12-12
392142,Max & Leon,fr,6.4,542,6.405,"[35, 10752]",2016-11-01
309302,Wolf Totem,zh,6.4,229,7.395,"[12, 18]",2015-02-19
26285,Fantozzi Still Suffers,it,6.4,279,8.117,[35],1983-01-01
8868,Asterix vs. Caesar,fr,6.4,316,10.696,"[12, 16, 35, 10751]",1985-03-06
77561,EVA,es,6.4,238,9.461,"[18, 878]",2011-10-06
253450,The Assassin,zh,6.4,274,11.556,"[28, 18, 36]",2015-08-27
39101,Dragon Ball Z: The Tree of Might,ja,6.4,280,12.462,"[28, 16, 878]",1990-06-07
10800,Dragon Hunters,fr,6.4,248,7.585,"[16, 10751]",2008-03-19
298729,Do You See Me?,it,6.4,398,6.617000000000001,[35],2014-11-20
11913,The Gendarme Takes Off,fr,6.4,268,10.585999999999999,[35],1970-10-28
11047,Asterix the Gaul,fr,6.4,383,13.094000000000001,"[12, 16, 35, 10751]",1967-12-20
6691,Priceless,fr,6.4,452,10.029,"[18, 35, 10749]",2006-12-13
34588,If I Were You,pt,6.4,239,6.462000000000001,[35],2006-01-06
48395,Rare Exports: A Christmas Tale,fi,6.4,270,7.309,[14],2010-12-03
118293,The Suicide Shop,fr,6.4,385,7.007999999999999,"[35, 16, 10402]",2012-09-26
2110,Wasabi,fr,6.4,667,16.632,"[28, 35, 18]",2001-10-31
44269,All That Glitters,fr,6.4,547,4.518,[35],2010-03-24
39385,Would I Lie to You?,fr,6.4,305,8.2,[35],1997-04-01
403605,Headshot,id,6.4,231,11.835,"[28, 53]",2016-09-24
94562,Turkish for Beginners,de,6.4,226,10.113,[35],2012-03-14
51991,Romantics Anonymous,fr,6.4,296,5.909,"[35, 18, 10749]",2010-12-22
331836,Babysitting 2,fr,6.4,923,10.538,[35],2015-12-02
44706,The Bet,fr,6.4,259,5.965,[35],1997-10-15
320028,An Italian Name,it,6.4,226,6.943,[35],2015-01-22
478820,The Emperor of Paris,fr,6.4,246,7.851,"[36, 12, 80]",2018-12-19
81342,Delicacy,fr,6.4,287,7.825,"[18, 35, 10749]",2011-12-20
12308,The Last Kiss,it,6.4,267,7.47,"[35, 18, 10749]",2001-02-01
13688,CJ7,cn,6.4,225,8.067,"[35, 18, 14, 878, 10751]",2008-01-30
269148,Samba,fr,6.4,664,8.384,"[35, 18]",2014-10-15
266082,Girlhood,fr,6.4,214,6.541,[18],2014-06-27
9317,Cabbage Soup,fr,6.4,507,13.404000000000002,"[35, 878]",1981-12-02
592336,Don't Stop Me Now,it,6.4,213,6.377000000000001,[35],2019-04-18
200713,9 Month Stretch,fr,6.4,330,6.483,[35],2013-09-07
142320,Viva l'Italia,it,6.4,227,6.29,[35],2012-10-25
432613,"Marry Me, Dude",fr,6.4,666,7.629,[35],2017-10-25
593402,Tolo Tolo,it,6.4,580,14.959000000000001,[35],2020-01-01
4728,The Gendarme in New York,fr,6.4,263,9.77,[35],1965-10-28
668195,Ultras,it,6.4,217,25.000999999999998,[18],2020-03-09
11625,Asterix and the Big Fight,fr,6.3,341,11.808,"[12, 16, 35, 10751]",1989-10-03
413730,Summertime,it,6.3,220,5.075,"[18, 10749]",2016-09-15
9404,Police Story 4: First Strike,cn,6.3,222,13.552,"[28, 12, 35, 80, 18, 53]",1996-02-10
266285,The Salvation,da,6.3,495,13.995999999999999,"[18, 37]",2014-05-22
31359,Would I Lie to You? 2,fr,6.3,241,6.43,[35],2001-02-07
467938,Revenge,fr,6.3,913,15.952,"[28, 53]",2017-09-23
433422,Fairy Tail: Dragon Cry,ja,6.3,279,8.026,"[28, 12, 16, 35, 14]",2017-05-06
13333,Game of Death,cn,6.3,319,16.173,"[28, 80, 18, 53]",1978-03-23
11444,The Closet,fr,6.3,261,7.3389999999999995,[35],2001-01-17
392207,The Invisible Guardian,es,6.3,240,10.66,[53],2017-03-03
186992,Stranger by the Lake,fr,6.3,209,9.661,"[18, 53]",2013-05-17
490445,Dumped,fr,6.3,219,6.257000000000001,[35],2018-04-18
182415,"White as Milk, Red as Blood",it,6.3,479,7.474,"[35, 18]",2013-04-02
11680,The Miser,fr,6.3,234,6.605,[35],1980-03-05
184314,Young & Beautiful,fr,6.3,717,11.543,[18],2013-08-20
173185,It Boy,fr,6.3,754,12.915999999999999,[35],2013-03-06
13679,Kirikou and the Wild Beasts,fr,6.3,203,9.59,"[12, 16, 14, 10751]",2005-12-07
21778,RRRrrrr!!!,fr,6.3,736,10.612,[35],2004-01-28
439998,Omicidio all'italiana,it,6.3,295,4.606,[35],2017-03-02
370978,"Kiki, Love to Love",es,6.3,246,7.917000000000001,"[35, 10749]",2016-04-01
10991,Pokémon 3: The Movie - Spell of the Unown,ja,6.3,346,14.292,"[12, 14, 16, 28, 10751]",2000-07-08
384371,Roommates Wanted,fr,6.3,262,6.77,[35],2016-04-20
21057,Ocean Waves,ja,6.3,265,16.605999999999998,"[16, 18, 10749, 10770]",1993-05-05
43200,Basilicata coast to coast,it,6.3,247,5.626,"[35, 18]",2010-04-09
451500,Christmas & Co.,fr,6.3,387,8.501,[35],2017-12-06
179538,Witching & Bitching,es,6.3,362,8.974,"[35, 27]",2013-09-20
457435,Return of the Hero,fr,6.3,310,7.07,"[35, 36]",2018-02-14
382593,Divorce French Style 2,fr,6.3,451,6.882000000000001,[35],2016-12-07
79643,Anche se è amore non si vede,it,6.3,253,6.127000000000001,[35],2011-11-23
515841,I Am Not an Easy Man,fr,6.3,681,12.279000000000002,[35],2018-04-13
314405,Tale of Tales,it,6.3,988,10.845,"[14, 27, 10749]",2015-05-14
59570,Escort in love,it,6.2,408,7.901,[35],2011-03-18
6076,Rabbit Without Ears,de,6.2,218,9.867,"[18, 35, 10749]",2007-12-01
301272,Andiamo a quel paese,it,6.2,325,5.941,[35],2014-11-06
253687,Smart Ass,fr,6.2,203,6.3629999999999995,"[35, 18]",2014-04-02
51447,Trophy Wife,fr,6.2,203,6.664,[35],2010-11-10
486101,There Is No Place Like Home,it,6.2,445,10.682,[35],2018-02-14
674944,The Occupant,es,6.2,273,33.192,"[53, 18]",2020-03-25
535167,The Wandering Earth,zh,6.2,293,14.24,"[28, 18, 878]",2019-02-05
58235,Confessions of a Brazilian Call Girl,pt,6.2,211,11.669,[18],2011-02-25
10622,Mr. Nice Guy,cn,6.2,304,20.531,"[28, 35, 80]",1997-01-31
9805,Dreamship Surprise - Period 1,de,6.2,258,12.682,"[35, 878]",2004-07-14
477033,Errementari: The Blacksmith and the Devil,eu,6.2,263,15.780999999999999,"[14, 27]",2018-03-02
419511,Mister Happiness,it,6.2,257,6.505,"[35, 10749]",2017-01-01
121936,Happiness Never Comes Alone,fr,6.2,303,8.828,"[35, 10749]",2012-06-27
3040,Night Watch,ru,6.2,402,10.450999999999999,"[28, 14, 53]",2004-06-27
505954,T-34,ru,6.2,307,9.711,"[28, 10752]",2018-12-27
56909,The Immature,it,6.2,594,7.316,[35],2011-01-21
39100,Dragon Ball Z: The World's Strongest,ja,6.2,254,12.287,"[28, 16]",1990-03-10
319341,Daddy or Mommy,fr,6.2,805,7.88,[35],2015-02-04
652483,Airplane Mode,pt,6.2,283,15.085,"[35, 10749]",2020-01-23
485894,Naples in Veils,it,6.2,268,8.85,[53],2017-12-28
420648,The Bar,es,6.2,775,7.971,"[35, 27, 53]",2017-02-15
492353,Put Grandma in the Freezer,it,6.2,435,8.759,[35],2018-03-15
462148,Love Addict,fr,6.2,267,5.638,"[35, 10749]",2018-04-18
178915,Welcome Mr. President!,it,6.2,476,6.19,[35],2013-03-21
425336,Loving Pablo,es,6.2,624,14.606,"[80, 18]",2017-10-12
492355,Just Believe,it,6.2,222,4.989,[35],2018-03-29
398920,He Even Has Your Eyes,fr,6.2,339,7.358,[35],2017-01-18
427989,Poveri ma ricchi,it,6.2,302,6.837999999999999,[35],2016-12-15
16353,Ong Bak 2,th,6.2,322,11.104000000000001,"[12, 28, 53]",2008-12-04
2332,Taxi 2,fr,6.2,992,21.631,"[28, 35]",2000-03-24
299847,Confusi e felici,it,6.2,259,6.609,[35],2014-10-30
351809,To Steal from a Thief,es,6.2,225,7.867000000000001,"[80, 53]",2016-03-03
157820,Mood Indigo,fr,6.2,393,8.52,"[18, 14]",2013-04-24
39102,Dragon Ball Z: Lord Slug,ja,6.2,266,13.520999999999999,"[28, 12, 16]",1991-03-19
77944,The Worst Week of My Life,it,6.2,345,6.374,[35],2011-10-27
9369,Asterix Conquers America,fr,6.2,337,15.149000000000001,"[12, 16, 35, 10751]",1994-09-27
571495,The Ruthless,it,6.2,229,11.274000000000001,"[80, 18]",2019-04-08
182127,Ip Man: The Final Fight,cn,6.2,223,2.3819999999999997,"[28, 18]",2013-03-22
438348,Knock,fr,6.1,263,6.5120000000000005,[35],2017-10-18
486070,Blessed Madness,it,6.1,298,6.9270000000000005,"[35, 10751]",2018-01-11
12600,Pokémon 4Ever: Celebi - Voice of the Forest,ja,6.1,205,12.695,"[12, 16, 14, 878, 10751]",2001-07-06
438347,Wedding Unplanned,fr,6.1,290,13.110999999999999,"[35, 10749]",2017-04-26
15357,District 13: Ultimatum,fr,6.1,645,12.454,"[28, 80, 53]",2009-02-18
401513,Attraction,ru,6.1,316,14.888,"[12, 18, 878, 10749]",2017-01-26
449574,Godzilla: Planet of the Monsters,ja,6.1,230,11.251,"[28, 12, 878, 16]",2017-11-17
441701,Veronica,es,6.1,996,10.216000000000001,[27],2017-08-25
10516,The Gendarme and the Creatures from Outer Space,fr,6.1,349,12.981,"[35, 878]",1979-01-31
41664,Fantozzi Retires,it,6.1,238,6.068,[35],1988-12-22
153158,Underdogs,es,6.1,217,6.523,"[12, 16, 10749]",2013-07-18
10832,Them,fr,6.1,279,6.546,"[53, 27]",2006-07-19
26691,Neuilly Yo Mama!,fr,6.1,650,8.455,[35],2009-08-12
519253,Forgive Us Our Debts,it,6.1,205,10.418,[18],2018-05-04
2269,Day Watch,ru,6.1,294,11.122,"[14, 878]",2006-01-01
303542,The Invisible Boy,it,6.1,640,16.898,"[12, 35, 14, 878]",2014-12-18
38327,My best enemy,it,6.1,210,6.228,[35],2006-03-10
9642,Asterix and the Vikings,fr,6.1,443,12.995,"[12, 16, 35, 10751]",2006-04-05
170354,The Unlikely Prince,it,6.1,502,7.2,[35],2013-02-09
37770,Fantozzi To The Rescue,it,6.1,219,6.678,[35],1990-01-15
437670,Suck Me Shakespeer 3,de,6.1,225,20.713,[35],2017-10-26
66129,The Tuche Family,fr,6.1,901,8.922,[35],2011-06-30
295832,Unique Brothers,it,6.1,222,7.56,"[35, 10749]",2014-10-02
11915,The Gendarme and the Gendarmettes,fr,6.1,307,10.642000000000001,[35],1982-10-03
14400,The Heir Apparent: Largo Winch,fr,6.1,324,8.987,"[28, 12, 18, 53]",2008-12-17
519106,The Trouble with You,fr,6.1,250,22.904,"[35, 80, 18, 10749]",2018-10-06
8689,Cannibal Holocaust,it,6.1,737,10.988,[27],1980-02-07
13492,Frontier(s),fr,6.1,385,6.773,"[28, 18, 27, 53]",2007-07-01
508018,The Warning,es,6.1,208,9.388,"[18, 14, 53]",2018-03-10
183836,The Brats,fr,6.1,361,7.252999999999999,[35],2013-04-17
2029,Tanguy,fr,6.1,279,7.0329999999999995,[35],2001-11-21
199661,Josephine,fr,6.1,215,5.252999999999999,"[35, 10749]",2013-06-19
21788,Trouble at Timpetill,fr,6.0,254,6.556,"[14, 12, 10751]",2008-12-17
451955,Double Lover,fr,6.0,274,7.428,"[18, 53, 10749]",2017-05-26
35552,The Extraordinary Adventures of Adèle Blanc-Sec,fr,6.0,801,11.094000000000001,"[28, 12, 14, 9648]",2010-04-09
203665,Paris or Perish,fr,6.0,201,6.537999999999999,[35],2013-07-15
362637,Opposites Attract,it,6.0,204,6.136,"[10749, 35]",2015-10-08
85872,Le Chef,fr,6.0,327,8.08,[35],2012-03-07
477489,A Breath Away,fr,6.0,376,9.085,[878],2018-04-04
74944,War of the Buttons,fr,6.0,262,6.325,"[10751, 12]",2011-09-12
10353,The Visitors II: The Corridors of Time,fr,6.0,607,12.055,"[35, 14]",1998-02-11
328720,Ma che bella sorpresa,it,6.0,289,5.729,[35],2015-03-11
247218,A Boss in the Living Room,it,6.0,380,6.5920000000000005,[35],2014-01-01
48650,Room in Rome,es,6.0,279,11.384,"[18, 10749]",2010-05-07
57331,Largo Winch II,fr,6.0,210,8.414,"[28, 12, 53]",2011-02-16
44894,Ti amo in tutte le lingue del mondo,it,6.0,344,6.205,"[35, 10749]",2005-12-16
300168,Dragon Blade,zh,6.0,288,12.63,"[28, 12, 18]",2015-02-19
168055,Love Is in the Air,fr,6.0,285,5.981,"[35, 10749]",2013-04-02
14451,Dead Snow,no,6.0,622,7.428999999999999,"[35, 27]",2009-01-09
60672,Crimson Rivers II: Angels of the Apocalypse,fr,6.0,388,11.96,"[28, 80, 53]",2004-02-18
11479,"Little Indian, Big City",fr,6.0,376,6.763999999999999,"[12, 35, 18, 10751]",1994-12-14
588001,Despite Everything,es,6.0,258,13.799000000000001,[35],2019-03-16
56339,Qualunquemente,it,6.0,359,5.978,[35],2011-01-21
98567,Chinese Zodiac,cn,6.0,422,14.589,"[28, 12]",2012-12-20
175116,Out of the Blue,it,6.0,225,7.455,[35],2013-03-14
74945,War of the Buttons,fr,6.0,315,5.45,"[12, 10751]",2011-09-20
432618,Coexister,fr,6.0,248,6.9239999999999995,[35],2017-10-11
58013,The Santa Claus Gang,it,6.0,723,7.809,[35],2010-12-17
39386,The Corsican File,fr,6.0,201,7.382999999999999,[35],2004-10-06
85041,Immaturi - Il viaggio,it,6.0,464,7.125,[35],2012-01-04
9564,Asterix & Obelix Take on Caesar,fr,6.0,1119,15.48,"[12, 35, 14, 10751]",1999-02-01
366514,Up for Love,fr,6.0,460,8.771,"[35, 18, 10749]",2016-05-04
66118,Case départ,fr,6.0,268,5.855,[35],2011-07-05
59429,Paranormal Activity: Tokyo Night,ja,6.0,231,7.818,"[27, 53]",2010-11-20
563907,Non ci resta che il crimine,it,6.0,238,5.593,[35],2019-01-10
456165,Family Is Family,fr,5.9,469,9.509,[35],2018-02-28
31203,Little Nicholas,fr,5.9,737,6.725,[35],2009-09-30
21427,The Valet,fr,5.9,334,7.3,[35],2006-03-29
243442,Un fantastico via vai,it,5.9,230,6.917000000000001,[35],2013-12-12
34069,Cargo,de,5.9,225,7.9910000000000005,"[53, 9648, 878]",2009-09-24
99579,"Farewell, My Queen",fr,5.9,200,6.018,"[18, 36]",2012-03-21
197796,Beauty and the Beast,fr,5.9,1413,11.942,"[14, 10749]",2014-02-12
487004,The Full House,fr,5.9,210,5.778,[35],2018-03-28
495766,Sono tornato,it,5.9,377,6.959,"[35, 18]",2018-02-01
147868,The Worst Christmas of My Life,it,5.9,356,6.691,[35],2012-12-22
369780,"Josephine, Pregnant & Fabulous",fr,5.9,208,7.026,[35],2016-02-10
315319,We Accept Miracles,it,5.9,331,7.051,[35],2015-01-02
419522,Ignorance Is Bliss,it,5.9,320,6.487,[35],2017-02-23
37652,Didier,fr,5.9,314,5.207999999999999,[35],1997-01-28
1969,Bandidas,es,5.9,663,11.347999999999999,"[28, 35, 37, 80]",2006-01-18
255456,Sotto una buona stella,it,5.9,205,5.957000000000001,[35],2014-02-13
440708,Mom or Dad?,it,5.9,448,6.232,[35],2017-02-14
429460,Muse,es,5.9,205,8.697000000000001,"[27, 53]",2017-11-29
14648,Podium,fr,5.9,275,5.752000000000001,"[35, 10402]",2004-02-11
45535,Fatal,fr,5.9,384,7.287999999999999,[35],2010-06-16
18457,Dead Weight,fr,5.9,225,6.922000000000001,[35],2002-04-10
348060,Antigang,fr,5.9,203,9.082,"[28, 18]",2015-08-19
457955,The Night Eats the World,fr,5.9,262,10.58,"[18, 27, 53]",2018-03-07
382598,Full Speed,fr,5.9,341,13.925999999999998,"[35, 10751]",2016-11-11
382597,R.A.I.D. Special Unit,fr,5.9,627,8.246,"[28, 35]",2016-12-19
505436,Serial (Bad) Weddings 2,fr,5.9,728,16.38,[35],2019-01-30
325848,The Parisian Bitch,fr,5.9,364,6.23,[35],2015-04-29
60049,Come tu mi vuoi,it,5.9,407,6.091,[35],2007-10-09
5552,Immortal,fr,5.9,254,11.208,"[28, 18, 878]",2004-03-13
156547,Us in the U.S.,it,5.9,220,6.096,[35],2013-01-03
565413,Moschettieri del Re,it,5.8,238,5.742000000000001,[35],2018-12-27
121734,"Tad, the Lost Explorer",es,5.8,303,9.958,"[16, 35, 12, 10751]",2012-08-10
10599,Pinocchio,it,5.8,534,7.76,"[35, 14, 10751]",2002-10-11
53399,The Solitude of Prime Numbers,it,5.8,274,7.968999999999999,[18],2010-09-10
320316,Italiano medio,it,5.8,362,5.428999999999999,[35],2015-01-29
469876,Addio fottuti musi verdi,it,5.8,304,6.5120000000000005,[35],2017-11-09
133698,Fly Me to the Moon,fr,5.8,404,7.256,"[35, 10749]",2012-10-29
41665,Fantozzi in Heaven,it,5.8,238,5.894,[35],1993-12-22
13742,Satan,fr,5.8,209,6.888,"[35, 27, 53]",2006-02-01
144789,I'm So Excited!,es,5.8,437,7.13,[35],2013-03-08
342878,One Wild Moment,fr,5.8,732,13.668,"[35, 18, 10749]",2015-06-24
9597,Vidocq,fr,5.8,302,9.238999999999999,"[28, 80, 14, 9648, 878, 53]",2001-09-12
250349,Barbecue,fr,5.8,438,6.749,[35],2014-04-30
437425,You Choose!,fr,5.8,207,5.149,"[10749, 35]",2017-03-15
61630,Suddenly Paradise,it,5.8,251,6.138,[35],2003-12-19
52077,Nothing to Declare,fr,5.8,718,9.097999999999999,[35],2010-12-15
486078,The Vegetable,it,5.8,207,5.659,[35],2018-01-18
85038,Welcome to the North,it,5.8,935,8.186,[35],2012-01-18
37905,The Horde,fr,5.8,211,6.428,"[28, 27, 53]",2010-02-10
273169,French Women,fr,5.8,265,6.062,[35],2014-06-04
56014,Men Vs Women,it,5.8,508,6.9,[35],2010-10-27
11847,The Accidental Spy,cn,5.8,229,3.8680000000000003,"[28, 35, 53]",2001-01-18
15681,Ex,it,5.8,350,6.274,[35],2009-02-06
20068,Manual of Love,it,5.7,225,8.035,"[10749, 35, 18]",2005-03-18
52214,Una moglie bellissima,it,5.7,333,5.297000000000001,[35],2007-12-14
39106,Dragon Ball Z: Bio-Broly,ja,5.7,287,13.113,"[28, 16, 878]",1994-07-09
467673,Budapest,fr,5.7,221,5.4879999999999995,[35],2018-06-27
56903,Three Steps Over Heaven,it,5.7,486,14.382,"[18, 10749]",2004-03-12
85735,Love Lasts Three Years,fr,5.7,262,5.83,"[35, 10749]",2011-12-10
40817,Kiss Me Again,it,5.7,218,11.640999999999998,[35],2010-01-29
219318,The Volcano,fr,5.7,451,6.478,[35],2013-10-02
485942,Batman Ninja,ja,5.7,538,13.208,"[28, 16]",2018-04-24
369776,The Tuche Family: The American Dream,fr,5.7,708,9.096,[35],2016-02-03
41668,Fantozzi The Return,it,5.7,240,6.599,[35],1996-12-20
383869,Back to Mom's,fr,5.7,341,6.479,[35],2016-06-01
416051,Based on a True Story,fr,5.7,273,9.166,"[18, 9648, 53]",2017-11-01
377275,In Bed with Victoria,fr,5.7,264,7.068,"[35, 18, 10749]",2016-09-14
86868,Would I Lie to You? 3,fr,5.6,225,5.46,[35],2012-01-31
310126,"The Rich, the Pauper and the Butler",it,5.6,611,6.666,[35],2014-12-11
11078,National Security,ko,5.6,505,11.36,"[28, 35, 80, 53]",2003-01-17
244516,Indovina chi viene a Natale?,it,5.6,248,7.81,[35],2013-12-19
2334,Taxi 3,fr,5.6,865,17.33,"[28, 35]",2003-01-29
18896,The French Kissers,fr,5.6,250,7.332000000000001,[35],2009-06-10
47533,Scooby-Doo! Curse of the Lake Monster,de,5.6,213,12.618,"[12, 35, 14, 9648]",2010-10-15
43209,Ong Bak 3,th,5.6,203,10.544,"[28, 12, 36]",2010-05-05
52124,Io & Marilyn,it,5.6,308,6.854,[35],2009-12-17
13043,Camping,fr,5.6,581,9.152999999999999,[35],2006-04-26
30974,High Lane,fr,5.5,205,6.274,"[28, 27, 53]",2009-06-24
252607,Junior,fr,5.5,524,7.081,[35],2014-03-12
248507,Superchondriac,fr,5.5,761,7.742000000000001,[35],2014-02-26
450001,Master Z: Ip Man Legacy,cn,5.5,231,25.269000000000002,[28],2018-12-20
182219,Serial Teachers,fr,5.5,911,0.6,[35],2013-04-17
58444,Women Vs Men,it,5.5,471,6.882999999999999,[35],2011-02-04
2335,Taxi 4,fr,5.5,710,11.257,"[28, 35]",2007-02-10
306523,Ogni Maledetto Natale,it,5.5,223,6.657,[35],2014-11-27
80015,Hollywoo,fr,5.5,454,5.553,[35],2011-12-07
17350,The Brice Man,fr,5.5,841,8.304,[35],2005-01-01
345067,Torno indietro e cambio vita,it,5.5,219,5.465,[35],2015-06-18
42441,Tifosi,it,5.5,239,6.066,[35],1999-10-01
287590,Saint Seiya: Legend of Sanctuary,ja,5.5,317,10.158999999999999,"[28, 16, 14]",2014-06-21
434355,Taxi 5,fr,5.5,558,15.866,"[35, 28]",2018-04-11
146375,On the Other Side of the Tracks,fr,5.5,417,5.2989999999999995,"[28, 35, 80]",2012-12-15
411626,Gangsterdam,fr,5.5,217,8.55,"[28, 35]",2017-03-29
87368,17 Girls,fr,5.5,214,5.0169999999999995,[18],2011-06-13
382511,Penny Pincher!,fr,5.5,615,8.198,[35],2016-09-28
73861,A Serbian Film,sr,5.5,959,18.660999999999998,"[80, 27, 53]",2010-06-16
420950,Alone,fr,5.5,298,5.127000000000001,"[14, 878]",2017-02-08
75198,Welcome Aboard,fr,5.5,324,7.237,[35],2011-10-05
325844,Serial Teachers 2,fr,5.5,702,7.419,[35],2015-07-01
516043,Arrivano i prof,it,5.4,218,5.877999999999999,[35],2018-05-01
15709,Changing Sides,fr,5.4,211,7.973,[35],2008-01-07
34494,Sorry if I Love You,it,5.4,438,9.35,[35],2008-01-25
323020,Bis,fr,5.4,354,7.475,[35],2015-02-18
54309,The Night Before the Exams Today,it,5.4,501,7.725,[35],2007-02-14
185341,[REC]⁴ Apocalypse,es,5.4,573,14.571,"[27, 53]",2014-10-31
348537,Spanish Affair 2,es,5.4,273,6.555,"[35, 10749]",2015-11-20
17684,Chouchou,fr,5.4,300,6.377999999999999,[35],2003-03-19
298614,Do Not Disturb,fr,5.4,232,6.23,[35],2014-12-31
17825,The 11 Commandments,fr,5.4,267,6.1739999999999995,"[35, 18]",2004-02-04
430528,If I Were a Boy,fr,5.4,263,7.265,[35],2017-02-22
280391,Animal Kingdom: Let's Go Ape,fr,5.3,256,5.686,"[12, 16, 35]",2015-04-08
89673,Love is in the Air,it,5.3,208,6.7,[35],2012-02-10
424619,Les Tuche 3,fr,5.4,552,7.61,[35],2018-01-31
277368,Nicholas on Holiday,fr,5.3,290,7.501,"[35, 10751]",2014-07-09
341392,Lolo,fr,5.3,232,7.496,[35],2015-09-03
41413,Sorry if I Want to Marry You,it,5.3,292,9.167,"[35, 18, 10749]",2010-02-12
20069,Manual of Love 2,it,5.3,208,9.927,"[35, 18]",2007-01-19
289153,"Sex, Love & Therapy",fr,5.3,203,8.408999999999999,"[35, 10749]",2014-10-01
9796,Turistas,pt,5.3,436,9.986,"[27, 53]",2006-12-01
42446,Christmas Vacation 2000,it,5.2,223,6.2620000000000005,"[35, 10749]",1999-12-17
11540,Adventures of Arsene Lupin,fr,5.2,207,7.809,"[10749, 28, 12, 80, 9648]",2004-09-17
42425,A Spasso Nel Tempo,it,5.2,238,5.172999999999999,"[12, 35, 878]",1996-12-13
295830,Attack on Titan,ja,5.2,275,13.559000000000001,"[28, 18, 14, 27, 878]",2015-08-12
426962,Room(h)ates,fr,5.2,221,7.002999999999999,[35],2017-04-19
169020,Vive la France,fr,5.2,242,7.433,[35],2013-02-19
430365,With Open Arms,fr,5.2,322,7.614,[35],2017-04-05
42432,Christmas on the Nile,it,5.2,398,6.582000000000001,[35],2002-12-20
342281,Family for Rent,fr,5.2,271,6.662000000000001,"[35, 10749]",2015-08-19
102207,HOUBA! On the Trail of the Marsupilami,fr,5.2,567,9.442,"[12, 35, 10751]",2012-04-03
371307,Il professor Cenerentolo,it,5.1,205,6.888999999999999,[35],2015-12-07
426285,Fullmetal Alchemist,ja,5.1,301,8.391,"[28, 14, 878]",2017-12-01
611468,Kidnapping Stella,de,5.1,243,17.840999999999998,[53],2019-06-29
2395,Asterix at the Olympic Games,fr,5.1,1226,17.297,"[12, 35, 14, 10751]",2008-01-13
123103,Aftershock,es,5.1,205,7.231,"[27, 53]",2012-09-12
382589,Rock'n Roll,fr,5.1,557,7.1979999999999995,"[35, 18]",2017-02-15
123229,Porn in the Hood,fr,5.1,223,8.006,[35],2012-07-11
43555,Body Guards,it,5.1,212,5.845,[],2000-12-22
24169,Il cosmo sul comò,it,5.1,580,8.02,[35],2008-12-19
42434,Christmas in Miami,it,5.1,357,8.878,[35],2005-12-16
277839,"Good Guys Go to Heaven, Bad Guys Go to Pattaya",fr,5.1,325,7.664,[35],2016-02-24
99770,Asterix & Obelix: God Save Britannia,fr,5.0,800,10.231,"[12, 35, 10751]",2012-10-17
42437,Natale a Rio,it,5.0,328,5.334,[35],2008-12-19
437739,The Mansion,fr,5.0,268,8.776,"[35, 27]",2017-06-21
133469,The Dream Team,fr,5.0,488,6.89,"[35, 18, 10749]",2012-09-24
248390,Le crocodile du Botswanga,fr,5.0,213,6.063,[35],2014-02-19
43554,Paparazzi,it,5.0,225,5.949,[35],1998-12-18
3177,Battle Royale II: Requiem,ja,5.0,244,10.221,"[28, 53]",2003-07-05
246320,The Three Brothers: The Return,fr,5.0,266,7.132999999999999,[35],2014-02-12
80280,[REC]³ Genesis,es,5.0,808,16.492,[27],2012-03-30
459616,Alad'2,fr,5.0,245,7.087000000000001,[35],2018-10-03
586333,Who Would You Take to a Deserted Island?,es,5.0,261,16.492,"[35, 18]",2019-03-22
77941,I soliti idioti,it,4.9,252,5.16,[35],2011-11-04
68637,Ducoboo,fr,4.9,255,4.979,[35],2011-06-22
42436,Natale in crociera,it,4.9,296,4.846,[35],2007-12-14
42435,Natale a New York,it,4.9,364,5.282,[35],2006-12-15
38277,Camping 2,fr,4.8,438,9.292,[35],2010-04-21
6116,Spiceworld: The Movie,es,4.8,274,8.213,"[12, 35, 18, 14, 10402]",1997-12-18
33282,Natale a Beverly Hills,it,4.8,211,6.367999999999999,[35],2009-12-18
375804,Camping 3,fr,4.8,434,7.256,[35],2016-06-29
42433,Natale in India,it,4.8,374,6.196000000000001,[35],2003-12-19
226936,Aspirante vedovo,it,4.8,290,5.777,[35],2013-10-10
344268,The New Adventures of Aladdin,fr,4.8,660,9.81,[35],2015-10-14
372822,Vacanze ai Caraibi,it,4.7,209,6.314,[35],2015-12-16
86331,Desire,fr,4.7,218,33.989000000000004,"[18, 10749]",2011-09-14
89899,The Players,fr,4.7,466,8.757,[35],2012-02-29
15587,Safari,fr,4.6,234,7.095,"[12, 35]",2009-04-01
441614,Loving,es,4.5,301,0.894,[10749],2017-04-21
354556,Guardians,ru,4.5,432,12.520999999999999,"[28, 14, 878]",2017-02-14
35026,Lucky Luke,fr,4.5,346,8.691,"[12, 35, 37]",2009-10-21
60556,Natale in Sudafrica,it,4.4,223,8.074,[],2010-12-20
15206,The Mother of Tears,it,4.4,274,7.585,[27],2007-09-06
168615,Boule & Bill,fr,4.4,201,6.155,"[35, 10751]",2013-02-27
13727,Disco,fr,4.3,231,5.622000000000001,[35],2008-04-02
18955,Coco,fr,4.3,371,6.0489999999999995,[35],2009-07-21
375798,Brice 3,fr,4.2,438,6.968,[35],2016-10-19
37265,All Ladies Do It,it,4.2,210,7.812,"[35, 18]",1992-02-21
13461,Melissa P.,it,4.1,335,21.075,[18],2005-11-18
248705,The Visitors: Bastille Day,fr,4.1,446,9.658,[35],2016-03-23
21435,French Fried Vacation 3,fr,4.0,495,7.734,[35],2006-02-01
419507,Fuga da Reuma Park,it,3.9,314,6.723,[35],2016-12-15
103112,Olè,it,3.9,225,6.7379999999999995,[35],2006-12-15
238930,Fuga di cervelli,it,3.8,336,5.718,[35],2013-11-21
10870,Lucky Luke and the Daltons,fr,3.7,205,11.805,"[35, 37]",2004-11-08
