imdb_id,cumulative_revenue
tt0245712,"$20,908,467"
tt0287467,"$64,790,996"
tt0299977,"$177,395,557"
tt0185125,"$67,952,969"
tt0130827,"$7,267,585"
tt0108394,"$1,324,974"
tt0111507,"$1,237,219"
tt0111495,"$3,581,969"
tt0374546,"$10,991,329"
tt0119698,"$162,112,497"
tt0245429,"$347,742,810"
tt0275491,"$40,423,279"
tt0115751,"$3,803,298"
tt0190332,"$213,525,736"
tt0119472,"$5,710"
tt0211915,"$173,924,742"
tt0441909,"$85,585,177"
tt0363226,"$34,196,922"
tt0118819,"$1,785,901"
tt0354899,"$15,116,179"
tt0154420,"$1,656,223"
tt0222851,"$15,250,594"
tt0301357,"$79,316,957"
tt0347048,"$11,065,801"
tt0113247,"$280,859"
tt0390221,"$12,594,630"
tt0387898,"$16,197,824"
tt0154421,nan
tt0250258,"$13,782,896"
tt0405094,"$77,356,942"
tt0317248,"$30,680,793"
tt0363163,"$92,181,574"
tt0118799,"$230,098,753"
tt0385700,nan
tt0140888,"$5,971,073"
tt0364569,"$14,999,673"
tt0118694,"$12,854,953"
tt0212712,"$19,470,239"
tt0101700,"$1,794,187"
tt0112682,"$1,781,465"
tt0290673,"$6,479,328"
tt0418455,"$2,421,577"
tt0118843,"$351,447"
tt0485241,"$6,334,790"
tt0468492,"$89,433,436"
tt0423866,"$3,403,957"
tt0254455,"$7,640,680"
tt0245574,"$33,616,692"
tt0450188,"$86,274,793"
tt0457430,"$83,850,267"
tt0256009,"$6,582,065"
tt0473444,"$78,568,977"
tt0411270,"$11,757,109"
tt0283900,"$33,272,835"
tt0157016,"$6,955"
tt0101765,"$2,155,121"
tt0318462,"$57,663,224"
tt0254686,"$6,765,335"
tt0409184,"$23,727,301"
tt0125659,"$377,967"
tt0369702,"$43,731,621"
tt0283832,"$42,426,583"
tt0416496,"$18,381,890"
tt1032846,"$10,174,839"
tt0808417,"$22,783,978"
tt0401383,"$19,780,116"
tt0444182,"$22,963,701"
tt0274155,"$24,273,604"
tt0117407,"$1,605"
tt0281364,"$10,366,360"
tt0426578,"$10,804,315"
tt0401711,"$17,471,727"
tt0409904,"$42,918,532"
tt0152930,nan
tt0183869,"$60,726,164"
tt0295721,"$65,497,208"
tt0804540,"$65,125,001"
tt0463872,"$131,856,927"
tt0260991,"$124,071"
tt0408664,"$2,288,093"
tt0178868,"$59,001"
tt0344510,"$69,424,389"
tt0792965,"$31,920,899"
tt0250223,"$128,027,976"
tt0403358,"$50,336,279"
tt0266308,"$958,989"
tt0338763,"$14,902,587"
tt0199683,"$461,259"
tt0451094,"$23,834,149"
tt0365376,"$1,045,252"
tt0808357,"$67,091,915"
tt0310775,"$2,046,061"
tt0347149,"$236,212,992"
tt0851578,"$944,915"
tt0756648,"$29,610,210"
tt0497137,"$4,642,401"
tt0372824,"$88,385,944"
tt0314063,"$7,172,452"
tt1016301,"$1,028,290"
tt0119250,"$500,000"
tt0960790,"$81,744,033"
tt0120185,"$29,342,592"
tt0237534,"$70,752,904"
tt0464141,"$78,638,987"
tt0482088,"$28,041,861"
tt0765432,"$26,937,355"
tt0310203,"$27,729,359"
tt0390808,nan
tt0861739,"$14,759,148"
tt0108188,"$58,834"
tt0986264,"$21,897,373"
tt0446059,"$68,072,848"
tt1063669,"$32,350,637"
tt0813547,"$18,814,713"
tt0405508,"$8,846,694"
tt0913425,"$37,472,507"
tt1064932,"$245,144,417"
tt1038988,"$32,511,655"
tt0283509,"$4,858,869"
tt0248408,"$75,675,074"
tt0364517,"$8,604,201"
tt0293007,"$10,781,635"
tt0127357,nan
tt0456123,"$844,711"
tt0875113,"$13,444,973"
tt1023490,"$11,260,366"
tt1068646,"$29,303,505"
tt0929425,"$68,089,668"
tt0427954,"$27,165,581"
tt0389557,"$26,768,563"
tt0117883,"$14,227"
tt0368909,"$20,235,426"
tt0113568,"$515,905"
tt0104815,"$2,040,920"
tt0109162,nan
tt0116704,"$21,890,845"
tt0119038,"$4,071,548"
tt0373074,"$104,882,445"
tt1029234,"$1,149,138"
tt0385004,"$92,863,945"
tt0133385,"$1,632,567"
tt0164961,"$13,240,767"
tt0293416,"$4,035,192"
tt0371552,"$22,501,596"
tt0286244,"$14,776,760"
tt0296042,"$80,631"
tt0846040,"$12,894,062"
tt0454970,"$14,756,513"
tt0349047,"$76,341,401"
tt0414852,"$11,169,386"
tt0103905,"$205,569"
tt0338095,"$6,291,958"
tt0190641,"$163,644,662"
tt0119167,nan
tt0118996,nan
tt0120882,"$146,072"
tt0120731,"$20,965,117"
tt0325655,"$12,165,016"
tt0101640,"$2,603,061"
tt0156887,"$563,130"
tt0255477,"$44,310,395"
tt0117786,"$18,814,720"
tt1245112,"$18,853,164"
tt0112922,nan
tt0248126,"$11,334,547"
tt0338564,"$8,836,958"
tt0362225,"$33,428,799"
tt0944834,"$12,389,088"
tt0465203,"$5,822,116"
tt0419198,"$25,460,023"
tt0213847,"$14,493,284"
tt0368668,"$15,823,762"
tt0099558,"$10,405,394"
tt0235679,"$68,411,275"
tt0101316,"$4,899,194"
tt0106332,"$5,216,888"
tt0110877,"$21,898,920"
tt0235198,"$359,853"
tt0271668,"$50,097,949"
tt0108211,"$152,972"
tt0109424,"$630,512"
tt0104558,"$16,270,600"
tt1035736,"$50,812,934"
tt0293715,"$343,132"
tt0376968,"$8,482,993"
tt0112913,"$164,913"
tt0473753,"$9,995,168"
tt0275277,"$3,007,903"
tt0456912,"$10,080,094"
tt0401085,"$3,710,169"
tt0353969,"$927,398"
tt0243493,"$50,104,745"
tt0208990,"$11,767,402"
tt0111543,"$722,182"
tt0373690,"$9,661,031"
tt0104652,"$1,354,729"
tt0150662,"$219,331"
tt0386005,"$8,712,057"
tt0104029,"$621,392"
tt0386064,"$76,459,252"
tt0346336,"$2,799,773"
tt0424205,"$17,709,155"
tt0108500,"$659,810"
tt0286112,"$42,776,760"
tt0104684,nan
tt0364385,"$3,657,876"
tt0271946,"$790,144"
tt0114787,"$171,082"
tt0300140,"$1,007,747"
tt0347246,"$9,789,651"
tt0926759,"$13,247,396"
tt0308379,"$1,686,839"
tt0111512,"$11,555,430"
tt0416044,"$26,527,510"
tt0425637,"$129,710,514"
tt0265930,"$17,784,993"
tt0876563,"$203,204,882"
tt0210234,"$133,949,270"
tt0287635,"$28,023,563"
tt0312843,nan
tt0102164,"$626,057"
tt0381348,nan
tt0473829,nan
tt1139797,"$11,227,336"
tt0856288,"$792,184"
tt0388473,"$453,133"
tt0443584,"$7,450,832"
tt0814685,"$2,783,535"
tt1259014,"$31,076,533"
tt1130988,"$2,342,211"
tt0455142,"$1,623"
tt0940709,"$49,529,913"
tt0953369,"$23,963,065"
tt0450843,"$2,680,879"
tt1190539,"$36,495,748"
tt0808506,nan
tt1260502,"$489,807"
tt0480669,"$553,198"
tt0107692,"$1,073"
tt0808339,"$17,068,748"
tt1278340,"$2,166,797"
tt0354836,"$24,511,116"
tt1220719,"$22,108,789"
tt0901487,"$44,261,209"
tt0102587,"$545,825"
tt0109440,nan
tt0923811,"$16,299,520"
tt0464913,"$23,041,621"
tt0804507,"$3,119,957"
tt0110008,"$1,252,335"
tt1247640,"$14,103,752"
tt0411272,"$321,353"
tt0347618,"$54,505,478"
tt1326972,"$120,432,178"
tt0259060,nan
tt1132620,"$104,414,200"
tt1328642,"$16,578,105"
tt1167660,"$21,924,245"
tt1188988,"$16,843,486"
tt1275590,"$17,141,221"
tt0216651,"$151,086"
tt0758742,"$29,667,169"
tt0810827,"$47,919,757"
tt0785035,"$8,936,663"
tt0318034,"$8,690,168"
tt1069238,"$70,442,129"
tt0440803,"$6,989,456"
tt0412535,"$33,026,616"
tt0328955,"$22,288,364"
tt0110200,nan
tt0386695,"$20,537,839"
tt0926762,"$9,168,516"
tt0247586,"$12,413,888"
tt0118845,"$320,319"
tt1499666,"$3,732,224"
tt0283957,"$17,006,200"
tt0169858,nan
tt1314237,"$7,969,540"
tt1262877,"$25,661,127"
tt0439123,"$11,939,023"
tt0478566,"$10,890,811"
tt0112870,"$36,785"
tt1442519,"$25,132,462"
tt0169102,"$1,724,806"
tt0417944,"$22,281,609"
tt0847745,"$27,833,482"
tt1187043,"$60,262,836"
tt1361566,nan
tt0108432,"$87,738"
tt1127715,"$5,102,705"
tt0118849,"$933,933"
tt0181627,"$281,179"
tt0449851,"$29,414,553"
tt0445800,"$84,152,064"
tt1235166,"$17,874,044"
tt0109592,"$253,986"
tt0357111,"$13,315,054"
tt0953382,"$6,604,944"
tt1194616,"$32,764,784"
tt1194238,nan
tt0890885,"$11,203,911"
tt0762073,"$13,085,023"
tt0110570,"$638,645"
tt0860906,"$41,177,742"
tt0274497,"$500,930"
tt0107225,"$1,113,435"
tt1288637,"$19,494,191"
tt1216487,"$67,153,225"
tt0398883,"$2,556,056"
tt1125254,"$16,331,742"
tt1320082,"$41,146,351"
tt0326977,"$7,354,418"
tt1305806,"$42,629,597"
tt0485976,"$21,836,580"
tt1081935,"$16,017,513"
tt1188996,"$42,345,360"
tt1424797,nan
tt1349856,"$22,243,482"
tt1149361,"$20,550,145"
tt1128075,nan
tt1474276,"$18,434,328"
tt0238891,"$216,026"
tt1216496,"$17,149,348"
tt0211946,"$598,894"
tt1433562,"$2,141,798"
tt1244668,"$18,164,139"
tt1264904,"$62,794,894"
tt0214289,"$17,317,084"
tt1242422,"$19,305,314"
tt1504362,"$29,976,481"
tt0291350,"$262,891"
tt0772187,"$15,905,030"
tt0113326,"$32,392,047"
tt1343097,"$44,276,335"
tt0381940,nan
tt0142242,"$658,982"
tt1074213,"$23,249,815"
tt0448927,nan
tt1235536,"$17,854,472"
tt1179025,"$34,604,339"
tt1526741,"$20,123,466"
tt1467273,"$10,569,178"
tt1360860,"$878,642"
tt0104014,nan
tt1386932,"$15,089,448"
tt1167638,"$21,695,883"
tt0118976,nan
tt0114732,nan
tt0113824,"$585,013"
tt1149362,"$19,319,671"
tt1183276,nan
tt0495596,"$68,673,762"
tt0983213,"$256,851"
tt0102426,"$4,532,791"
tt1503096,"$33,857,735"
tt0135007,nan
tt3444066,nan
tt0486138,"$23,919,309"
tt0115899,nan
tt0166556,nan
tt0345561,"$23,039,985"
tt1379182,"$420,095"
tt0142244,"$15,218,214"
tt0142237,"$19,581,369"
tt0142241,"$18,554,927"
tt0142238,"$18,435,583"
tt0142234,"$17,121,947"
tt0142236,"$270,354"
tt0142243,"$11,694,663"
tt0142247,nan
tt0120471,nan
tt0380349,"$19,035,653"
tt0271383,nan
tt1405810,"$15,340,429"
tt1332486,"$13,099,140"
tt0775489,"$6,007,194"
tt1465487,"$57,457,528"
tt1382725,"$25,623,521"
tt1513892,"$11,285,031"
tt0106867,nan
tt0116279,nan
tt0115446,nan
tt0337689,"$29,320,869"
tt0392494,nan
tt0480922,"$25,643,184"
tt0874306,"$30,437,121"
tt1065329,"$37,350,000"
tt1285311,"$36,702,844"
tt0200215,nan
tt0200245,nan
tt1455810,"$6,128,290"
tt1529233,"$4,628,041"
tt1653690,"$2,340,516"
tt0174105,nan
tt0269009,nan
tt1641638,"$2,708,867"
tt0142239,"$21,916,093"
tt1587877,"$11,345,366"
tt0119863,nan
tt1340107,"$13,004,504"
tt1462900,"$73,906,736"
tt0493171,"$23,941,317"
tt1473357,"$9,267,224"
tt1164999,"$25,147,786"
tt1740707,"$5,341,098"
tt1588337,"$43,803,417"
tt1255953,"$7,099,598"
tt1618435,nan
tt1555149,"$63,618,850"
tt1440232,"$53,319,615"
tt0999864,"$10,412,376"
tt0122648,nan
tt1401143,"$4,028,971"
tt1529235,"$45,896,492"
tt1123373,"$51,899,269"
tt1263750,"$844,281"
tt0439547,"$15,522,680"
tt1588170,"$12,966,357"
tt0122735,"$82,106"
tt0902254,"$8,604,198"
tt0252985,nan
tt1600524,"$843,423"
tt1521848,"$32,309,881"
tt1527788,"$44,723,232"
tt1568921,"$149,184,563"
tt1565958,nan
tt1528313,"$93,811,164"
tt1523479,"$18,844,036"
tt1159231,"$30,385,222"
tt1512685,"$16,934,369"
tt0367975,nan
tt1808015,"$60,756,040"
tt1441373,"$5,505,962"
tt1668200,"$24,792,815"
tt1409836,"$10,007,765"
tt1590089,"$45,203,103"
tt0814380,"$16,546,376"
tt1680099,"$18,503,619"
tt0169164,nan
tt1680110,"$22,862,029"
tt1572491,"$3,604,598"
tt0388483,"$916,927"
tt1630637,"$22,043,584"
tt0418259,"$21,852,972"
tt1805297,"$27,533,970"
tt1322333,"$14,404,319"
tt1230385,"$15,789,762"
tt1680095,"$29,181,330"
tt1587828,"$12,380,488"
tt1680089,"$17,010,026"
tt1680058,"$1,602,252"
tt1436045,"$18,689,058"
tt1728179,nan
tt1866205,"$11,497,822"
tt0961043,"$10,947,653"
tt1832382,"$22,926,076"
tt1738298,"$25,362,517"
tt0228786,"$60,103,680"
tt0337103,"$40,152,148"
tt1545759,"$9,487,445"
tt0392591,"$31,679,869"
tt1456472,"$17,877,523"
tt1648216,"$14,066,238"
tt1527186,"$17,039,814"
tt1189073,"$33,678,406"
tt1827512,"$7,011,798"
tt1847731,"$1,221,392"
tt1821362,"$16,374,243"
tt1793931,"$13,867,701"
tt1705786,"$10,911,008"
tt1810864,"$14,325,401"
tt1614989,"$18,962,444"
tt1661420,"$20,601,245"
tt1808454,"$4,878,284"
tt1508675,"$12,959,706"
tt2027178,"$5,799,606"
tt1273235,"$1,541"
tt1656192,"$3,424,648"
tt1827487,"$2,099,472"
tt1861375,"$12,326,773"
tt1837587,"$15,082,409"
tt1890377,"$13,264,865"
tt0860907,"$60,504,045"
tt1410063,"$2,855,644"
tt1675434,"$426,588,510"
tt0961097,"$26,611,650"
tt1437358,"$8,791,590"
tt1298554,"$1,292,789"
tt2094019,nan
tt2076251,"$16,454,499"
tt1756750,"$2,865,068"
tt2109087,"$7,855,434"
tt1839494,"$600,486"
tt1730697,"$20,587,850"
tt1772250,"$6,318,409"
tt1649444,"$11,019,975"
tt1828995,"$11,597,420"
tt1798188,"$61,459,425"
tt1756415,"$34,995,189"
tt2174031,"$15,512,578"
tt1638328,"$7,526,448"
tt1893195,"$3,847,381"
tt1911553,"$9,245,235"
tt1879030,nan
tt1602620,"$29,664,140"
tt1794850,"$40,928,635"
tt1860152,"$452,024"
tt1276419,"$14,758,997"
tt1969012,"$9,065,716"
tt2087850,"$24,629,152"
tt2061702,nan
tt1899353,"$9,148,519"
tt1650536,"$23,957,607"
tt1934234,"$4,341,211"
tt2053425,"$25,807,712"
tt1424310,"$171,339,013"
tt1753813,"$6,366,835"
tt1597522,"$61,319,383"
tt1853614,"$6,748,888"
tt1723642,"$50,146,474"
tt0930085,nan
tt2076220,"$1,954,125"
tt2106476,"$17,230,506"
tt1797504,"$24,016,152"
tt1650048,"$399,784"
tt1883180,"$1,472,431"
tt2059255,"$7,699,095"
tt1706620,"$86,758,912"
tt2140203,"$54,999,779"
tt1937149,"$8,779,609"
tt2179121,"$31,303,580"
tt2210479,"$2,152,610"
tt2152779,"$1,541,144"
tt1655413,"$2,514,478"
tt1396226,"$9,075,131"
tt1764625,"$49,491,605"
tt1964624,"$16,190,771"
tt1872880,"$16,840,841"
tt1780762,"$294,696"
tt2282849,"$7,893,757"
tt1816518,"$8,111,137"
tt2263944,"$50,461,371"
tt1979319,"$37,687,024"
tt2258858,"$6,499,169"
tt1850394,"$31,822,402"
tt1986843,"$16,049,338"
tt2070776,"$12,698,385"
tt2024519,"$5,990,754"
tt2368672,"$23,047,905"
tt2508478,"$6,880,371"
tt2243389,"$21,245,677"
tt2113681,"$51,167,572"
tt1937133,"$25,109,572"
tt2550838,"$10,275,097"
tt2013293,"$136,454,220"
tt2576852,"$24,638,337"
tt2278871,"$19,465,835"
tt2404461,"$12,673,462"
tt1634003,"$32,768,940"
tt2483050,"$7,354,579"
tt2027140,"$10,435,322"
tt2215395,"$14,691,318"
tt2626902,nan
tt2625030,"$31,672,872"
tt1667355,"$6,677,474"
tt2617828,"$599,721"
tt2298384,"$3,222,965"
tt2538654,"$17,400,053"
tt2293138,"$9,979,302"
tt2467480,"$18,614,277"
tt3759416,"$42,800,509"
tt2018079,"$15,288,523"
tt2186812,"$12,604,999"
tt2751576,"$3,096,999"
tt2418558,"$5,524,381"
tt2375379,"$74,223,861"
tt2331143,"$37,170,163"
tt2767948,"$11,115,274"
tt2358891,"$24,271,739"
tt2392672,"$423,619"
tt2404738,"$7,422,695"
tt2265171,"$6,566,916"
tt2495118,"$3,967,001"
tt2276778,"$32,867,967"
tt2447934,"$4,206,343"
tt2354181,"$14,057,569"
tt2752200,"$9,757,417"
tt2427892,"$687,505"
tt1649443,"$4,915,757"
tt2261749,"$22,025,731"
tt2852458,"$1,131,241"
tt2315200,"$24,991,467"
tt2350496,"$11,621,777"
tt2668134,"$18,010,317"
tt2438644,"$13,656,380"
tt2406252,"$8,533,375"
tt2316801,"$47,430,624"
tt2935564,"$12,062,441"
tt2591814,"$418,256"
tt2430044,"$4,727,775"
tt2351310,"$19,775,853"
tt2853614,"$17,891,858"
tt2464018,"$21,909,567"
tt2420886,"$4,914,774"
tt1181840,"$3,484,370"
tt3146360,nan
tt1937118,"$16,968,297"
tt1921149,"$4,809,022"
tt2718492,"$11,156,836"
tt2378281,"$100,502,638"
tt2981768,nan
tt2207072,"$19,226,272"
tt3029558,"$52,696,176"
tt2737050,"$9,016,922"
tt3254706,"$5,824,753"
tt3212812,"$39,195,565"
tt3066270,"$69,903,094"
tt2987732,"$77,676,735"
tt3253930,"$9,014,591"
tt2955316,"$78,768,613"
tt1702014,"$1,207,841"
tt2991224,"$1,024,132"
tt3040510,"$6,804,918"
tt3374966,"$6,782,571"
tt2832470,"$1,187,477"
tt3398268,"$34,949,567"
tt3004278,"$11,846,676"
tt3318220,nan
tt2465578,"$9,113,941"
tt3420060,"$10,181,248"
tt2707858,"$21,026,290"
tt3092076,"$20,268,560"
tt3296204,"$16,562,487"
tt2969776,"$10,820,100"
tt3421514,"$53,425,036"
tt2441982,"$18,552,314"
tt2650978,"$2,390,284"
tt3438354,"$5,539,410"
tt3237406,"$10,736,157"
tt3202120,"$14,454,364"
tt2836252,"$16,301,210"
tt2675914,"$904,446"
tt3508840,"$11,991,669"
tt2536428,"$1,129,817"
tt3140100,"$11,536,119"
tt2764784,"$5,793,245"
tt3173524,"$14,119,210"
tt2631186,"$7,934,787"
tt3686272,"$2,026,510"
tt2800240,"$176,404,493"
tt3013602,"$20,334,564"
tt2758880,"$4,018,705"
tt2802154,"$4,439,481"
tt2121382,"$4,094,339"
tt3011894,"$30,642,704"
tt3409392,"$7,179,391"
tt3655522,"$1,862,990"
tt2720680,"$1,363,964"
tt3399024,"$39,178,695"
tt3488462,"$78,127,384"
tt3638012,nan
tt3204144,"$2,446,362"
tt3365778,"$1,158,695"
tt1920885,"$85,557,721"
tt2891070,"$7,555,591"
tt3098306,"$13,061,533"
tt3202202,"$18,428,235"
tt3019796,"$27,567,832"
tt4531694,"$14,496,436"
tt3260022,"$5,188,128"
tt1220911,"$16,372,941"
tt3152602,"$7,664,764"
tt3086442,"$2,193,474"
tt3042408,"$7,700,259"
tt3825638,"$4,574,756"
tt2231489,"$17,150,803"
tt2978426,"$9,307,095"
tt4016934,"$37,767,206"
tt2952602,"$24,070,765"
tt5215952,"$49,851,770"
tt2072230,"$30,810,658"
tt3764194,"$2,720,974"
tt2338151,"$100,370,104"
tt3667648,"$9,382,573"
tt3825738,"$6,571,282"
tt3825750,"$4,626,678"
tt3672840,"$122,606,884"
tt4065308,"$9,462,298"
tt3289126,nan
tt3078296,"$5,216,102"
tt3819668,"$61,768,190"
tt3547740,"$72,751,538"
tt3860294,"$2,495,677"
tt2909116,"$125,837,070"
tt4229938,"$15,377,544"
tt3742378,"$3,003,560"
tt3312830,"$23,459,358"
tt4082068,"$5,562,575"
tt3278330,"$5,497,104"
tt4262980,"$78,048,505"
tt3907790,"$17,368,659"
tt4272866,"$49,768,644"
tt3756788,"$15,918,101"
tt3013610,"$7,723,656"
tt3717532,"$2,949,185"
tt4176826,"$25,513,752"
tt4080672,"$21,835,307"
tt4298958,"$4,728,350"
tt4359416,"$3,906,227"
tt4226388,"$3,191,971"
tt3705388,"$3,219,351"
tt4142022,"$4,518,908"
tt4058500,"$4,208,906"
tt4024546,"$10,846,026"
tt3858372,"$8,574,386"
tt3809308,"$4,156,499"
tt3713944,"$25,364,150"
tt4466362,"$8,540,288"
tt3916378,"$5,626,528"
tt3702996,"$83,027,924"
tt3478962,"$8,003,331"
tt3791302,"$4,323,120"
tt3792960,"$15,709,652"
tt4400058,"$24,563,629"
tt1659619,"$9,722,918"
tt4326444,"$22,468,044"
tt4083850,nan
tt4466936,"$3,877,000"
tt4643844,"$6,246,660"
tt3841424,"$3,169,553"
tt3808342,"$6,659,121"
tt3966404,"$5,274,664"
tt4285496,"$3,217,176"
tt3616916,"$12,975,143"
tt4960934,nan
tt3716530,"$12,748,594"
tt3666024,"$6,591,789"
tt4645368,"$9,231,823"
tt4085944,"$7,663,798"
tt3754940,"$9,027,600"
tt3811986,"$6,243,133"
tt2191765,"$6,045,343"
tt4466864,"$35,771,820"
tt4776556,"$1,418,274"
tt4618398,"$38,362,448"
tt4232610,"$3,056,677"
tt3626742,"$40,591,862"
tt4088268,"$9,651,271"
tt4080728,"$30,691,696"
tt2290397,nan
tt3863552,"$121,126,188"
tt4849438,"$254,158,390"
tt3169770,"$3,456,773"
tt3655414,"$9,041,187"
tt4411504,"$20,381,995"
tt4600952,"$9,765,483"
tt4025514,"$5,217,330"
tt1167611,"$660,922"
tt5122374,"$17,000,172"
tt4948452,"$5,411,932"
tt5074352,"$303,723,636"
tt4172042,"$1,783,792"
tt4057632,"$3,985,169"
tt3775086,"$5,973,344"
tt3700392,"$38,755,161"
tt2888046,"$157,029,618"
tt4699388,"$8,273,919"
tt4576612,"$1,001,196"
tt3734678,"$1,712,863"
tt4926538,"$35,210,425"
tt4400038,"$15,291,827"
tt4741686,"$5,777,198"
tt4625516,nan
tt4922692,"$7,551,282"
tt4835252,"$6,462,232"
tt5311514,"$358,922,706"
tt5300948,"$8,447,319"
tt5290524,"$75,878,701"
tt4048272,"$11,784,207"
tt4273292,"$133,324"
tt5186714,"$6,953,604"
tt4300480,"$2,412,312"
tt5259966,"$23,540,937"
tt5029602,"$14,039,310"
tt4979860,"$24,224,579"
tt4331970,"$2,050,766"
tt5029608,"$7,478,354"
tt5221584,"$3,085,977"
tt5078214,"$4,971,428"
tt4505208,"$8,003,756"
tt5323662,"$30,490,447"
tt4769824,"$19,496,308"
tt4621872,"$9,029,150"
tt4901306,"$31,261,490"
tt4741714,nan
tt5253294,"$22,955,486"
tt5351818,"$9,684,093"
tt5078204,"$49,619,118"
tt5833730,"$9,798,848"
tt5736696,"$34,598,750"
tt4993964,"$7,268,779"
tt5115024,"$17,455,542"
tt4857596,"$8,405,304"
tt5910280,"$52,444,295"
tt5436082,"$502,615"
tt5595168,"$5,725,482"
tt5091538,"$8,750,678"
tt4924942,"$3,955,278"
tt4954522,"$3,096,815"
tt2321405,"$5,873,256"
tt4730986,"$2,297,612"
tt5555502,"$4,401,654"
tt4944596,"$3,369,996"
tt5923962,"$2,359,127"
tt5700672,"$92,688,375"
tt5727282,"$3,430,165"
tt5256722,"$9,755,458"
tt5091612,"$10,898,998"
tt5657028,"$29,370,592"
tt2398149,"$18,675,714"
tt5776208,"$256,320"
tt4731148,"$19,454,845"
tt4964788,"$19,176,163"
tt6304046,"$1,463,727"
tt5263116,"$4,165,279"
tt5147214,"$73,010"
tt5897288,"$3,457,091"
tt5197068,"$5,595,545"
tt4857264,"$31,191,910"
tt5976178,"$2,697,522"
tt4771896,"$2,341,847"
tt8333746,"$17,133,446"
tt5544384,"$29,322,339"
tt4650414,nan
tt5893264,"$3,988,331"
tt6523720,"$13,837,294"
tt6748466,"$6,521,238"
tt6281538,"$3,130,495"
tt6302050,"$10,748,185"
tt6197094,"$4,094,269"
tt5979872,"$3,729,856"
tt5121816,"$3,662,671"
tt3838034,"$2,385,151"
tt5157682,"$817,240"
tt5723272,"$5,104,991"
tt7066382,"$47,427,990"
tt4682788,"$17,535,962"
tt6284414,"$2,038,275"
tt5084170,"$7,162,617"
tt5607028,"$8,053,641"
tt5176252,"$3,185,945"
tt6155172,"$1,140,769"
tt5969846,"$4,855,506"
tt6183834,"$5,734,206"
tt6085872,"$7,272,904"
tt5540188,"$3,979,536"
tt6304162,"$3,925,992"
tt5639354,"$3,702,353"
tt6293516,"$899,782"
tt5041296,"$1,346,352"
tt5804948,"$9,548,364"
tt5258850,"$16,094,346"
tt6336356,"$41,978,431"
tt5598172,"$1,162,912"
tt6095616,"$2,796,077"
tt5699154,"$32,754,358"
tt5247704,"$11,625,884"
tt6021478,"$21,571,464"
tt5061360,"$9,242,157"
tt6144762,"$5,319,108"
tt6548966,"$1,420,035"
tt7238392,"$38,598,227"
tt5598100,"$8,700,784"
tt6101820,"$33,262,366"
tt3300980,"$9,567,121"
tt5808778,"$89,208"
tt6137734,"$11,538,940"
tt5607714,"$2,131,259"
tt6595896,"$37,552,144"
tt6060156,"$7,158,925"
tt6878038,"$86,252,940"
tt6777338,"$8,737,458"
tt6445396,"$3,202,694"
tt6471264,"$64,236,772"
tt7029854,"$1,644,818"
tt6009140,"$3,606,673"
tt6515342,"$5,394,474"
tt6537238,"$16,746,823"
tt5897292,"$2,986,118"
tt6373590,"$1,042,265"
tt6543652,"$20,523,431"
tt6340296,"$4,461,317"
tt5479616,nan
tt5862312,"$6,123,089"
tt5753552,"$2,839,240"
tt2762506,"$3,423,433"
tt5979874,"$3,285,291"
tt2076298,"$175,155,082"
tt6116856,nan
tt7262882,"$21,832,649"
tt7018010,"$19,222,086"
tt6002232,"$3,790,303"
tt6135348,"$7,704,369"
tt6367558,"$5,012,423"
tt6462462,"$10,968,212"
tt6859418,"$49,954,866"
tt6793580,"$25,660,489"
tt7064498,"$7,362,730"
tt6189344,"$1,236,244"
tt4266076,"$95,208"
tt6838702,"$22,466,659"
tt7136896,"$19,024,452"
tt6960736,"$5,498,768"
tt6690004,"$7,853,811"
tt7027092,"$1,654,611"
tt6738136,"$913,331"
tt7063210,"$5,784,397"
tt6892400,"$4,996,317"
tt7048622,"$3,601,603"
tt7533422,"$3,277,932"
tt8523334,"$14,702,744"
tt7512574,"$822,764"
tt7156222,"$1,988,526"
tt6900448,"$27,526,961"
tt5592878,"$56,516"
tt5092380,"$2,842,040"
tt7025976,"$7,611,035"
tt6752992,"$1,802,696"
tt6768578,"$5,080,147"
tt7458762,"$12,652,790"
tt7476116,"$39,193,850"
tt7456310,"$31,329,947"
tt7210426,"$8,122,023"
tt6892206,"$7,050,856"
tt7451284,nan
tt7022404,"$10,591,001"
tt7187860,"$4,229,602"
tt7105944,"$11,740,817"
tt6742252,"$4,598,051"
tt7533956,"$3,769,078"
tt7489816,"$13,189,388"
tt7057496,"$9,968,972"
tt7543930,"$7,086,596"
tt8098548,"$6,366,790"
tt7282468,"$7,566,962"
tt7129926,"$11,428,014"
tt6982104,"$4,014,383"
tt7648416,"$1,521,937"
tt6892340,"$2,801,080"
tt6751668,"$254,207,199"
tt4844148,"$35,969,998"
tt6708116,"$3,067,893"
tt7925800,nan
tt8633950,"$10,990,090"
tt7961060,"$115,560,610"
tt6892462,"$2,747,894"
tt8075192,"$67,998,954"
tt7745068,"$21,022,724"
tt6556670,"$72,300,780"
tt8820590,"$35,950,901"
tt8359848,"$2,027,391"
tt9089294,"$3,914,227"
tt3711510,"$728,729"
tt8095860,"$7,755,652"
tt8176578,"$408,244"
tt7914416,"$27,590,180"
tt6854672,"$545,206"
tt6857988,nan
tt8254556,"$4,178,992"
tt7279014,"$2,355,619"
tt8267604,"$64,413,178"
tt5501104,"$2,177,678"
tt8291806,"$37,137,074"
tt7534068,"$6,795,812"
tt6679412,nan
tt8335880,"$2,985,436"
tt8001346,"$46,221,204"
tt6704776,"$2,701,645"
tt6908274,"$17,325,485"
tt8613070,"$22,978,382"
tt6918220,"$4,558,192"
tt7605074,"$699,760,773"
tt7121252,"$657,690"
tt8201404,"$23,556,486"
tt7201846,"$5,982,358"
tt7475206,"$5,311,875"
tt8619812,"$21,105,636"
tt7278824,"$2,440,478"
tt8418652,"$5,726,553"
tt9426210,"$186,829,542"
tt8265928,"$5,819,588"
tt9239888,nan
tt8740778,"$2,298,525"
tt8660788,"$8,299,778"
tt7736478,"$8,650,229"
tt8655470,"$19,343,448"
tt4516162,"$2,808,018"
tt10407272,"$5,373,112"
tt8976832,nan
tt10199590,"$18,202,623"
tt9806192,"$1,136,431"
tt8783532,"$14,136,095"
tt9150970,nan
tt9260446,"$5,646,793"
tt10413566,"$50,347,705"
tt9172422,"$14,298,084"
tt10492998,"$8,384,831"
tt8613876,nan
tt8228288,"$592,765"
tt10611372,"$39,273,021"
tt10431500,"$17,321,629"
tt10731748,nan
tt9806322,nan
tt10937434,nan
tt9345754,"$1,845"
